,0,1
TINAGL1,1.0,0.0
HCRTR1,1.0,0.0
PEF1,0.0,1.0
COL16A1,0.0,1.0
SPOCD1,0.0,1.0
AL136115.1,0.0,1.0
PTP4A2,0.0,1.0
KHDRBS1,0.0,1.0
TMEM39B,0.0,1.0
KPNA6,0.0,1.0
TXLNA,0.0,1.0
CCDC28B,1.0,0.0
IQCC,0.0,1.0
DCDC2B,0.0,1.0
TMEM234,1.0,0.0
EIF3I,0.0,1.0
FAM167B,0.0,1.0
LCK,0.0,1.0
HDAC1,0.0,1.0
MARCKSL1,0.0,1.0
TSSK3,0.0,1.0
FAM229A,0.0,1.0
BSDC1,1.0,0.0
ZBTB8B,0.0,1.0
ZBTB8A,1.0,0.0
ZBTB8OS,0.0,1.0
RBBP4,0.0,1.0
SYNC,0.0,1.0
KIAA1522,0.0,1.0
YARS,0.0,1.0
S100PBP,0.0,1.0
FNDC5,0.0,1.0
HPCA,1.0,0.0
TMEM54,0.0,1.0
RNF19B,1.0,0.0
AK2,0.0,1.0
TRIM62,0.0,1.0
ZNF362,1.0,0.0
AL513327.1,0.0,1.0
PHC2,1.0,0.0
ZSCAN20,1.0,0.0
CSMD2,0.0,1.0
C1orf94,0.0,1.0
GJB5,0.0,1.0
GJB4,0.0,1.0
GJB3,0.0,1.0
SMIM12,0.0,1.0
GJA4,1.0,0.0
DLGAP3,1.0,0.0
ZMYM6,1.0,0.0
ZMYM1,0.0,1.0
SFPQ,1.0,0.0
ZMYM4,0.0,1.0
ZMYM4-AS1,0.0,1.0
KIAA0319L,0.0,1.0
NCDN,0.0,1.0
TFAP2E,0.0,1.0
PSMB2,0.0,1.0
C1orf216,1.0,0.0
CLSPN,1.0,0.0
AGO4,0.0,1.0
AGO1,0.0,1.0
AGO3,0.0,1.0
TEKT2,1.0,0.0
ADPRHL2,0.0,1.0
COL8A2,0.0,1.0
TRAPPC3,0.0,1.0
MAP7D1,1.0,0.0
THRAP3,1.0,0.0
SH3D21,0.0,1.0
EVA1B,0.0,1.0
STK40,1.0,0.0
LSM10,0.0,1.0
OSCP1,1.0,0.0
MRPS15,0.0,1.0
CSF3R,0.0,1.0
GRIK3,1.0,0.0
LINC01137,0.0,1.0
ZC3H12A,0.0,1.0
MEAF6,0.0,1.0
SNIP1,0.0,1.0
DNALI1,1.0,0.0
GNL2,1.0,0.0
RSPO1,1.0,0.0
C1orf109,0.0,1.0
CDCA8,1.0,0.0
EPHA10,1.0,0.0
MANEAL,1.0,0.0
YRDC,0.0,1.0
C1orf122,0.0,1.0
MTF1,0.0,1.0
INPP5B,0.0,1.0
SF3A3,1.0,0.0
FHL3,0.0,1.0
POU3F1,1.0,0.0
RRAGC,0.0,1.0
MYCBP,0.0,1.0
RHBDL2,0.0,1.0
AKIRIN1,0.0,1.0
NDUFS5,0.0,1.0
MACF1,0.0,1.0
BMP8A,0.0,1.0
PABPC4,0.0,1.0
HEYL,0.0,1.0
PPIE,0.0,1.0
OXCT2,0.0,1.0
BMP8B,0.0,1.0
TRIT1,1.0,0.0
MYCL,0.0,1.0
MFSD2A,0.0,1.0
CAP1,1.0,0.0
PPT1,0.0,1.0
RLF,1.0,0.0
TMCO2,0.0,1.0
ZMPSTE24,0.0,1.0
COL9A2,0.0,1.0
SMAP2,0.0,1.0
ZFP69B,0.0,1.0
ZFP69,0.0,1.0
EXO5,0.0,1.0
ZNF684,0.0,1.0
RIMS3,1.0,0.0
NFYC-AS1,1.0,0.0
NFYC,0.0,1.0
KCNQ4,0.0,1.0
CITED4,1.0,0.0
CTPS1,1.0,0.0
SLFNL1,1.0,0.0
SCMH1,0.0,1.0
FOXO6,0.0,1.0
EDN2,0.0,1.0
HIVEP3,0.0,1.0
GUCA2B,1.0,0.0
GUCA2A,0.0,1.0
FOXJ3,0.0,1.0
RIMKLA,1.0,0.0
ZMYND12,0.0,1.0
PPCS,0.0,1.0
CCDC30,1.0,0.0
PPIH,0.0,1.0
YBX1,0.0,1.0
CLDN19,0.0,1.0
C1orf50,0.0,1.0
ERMAP,0.0,1.0
ZNF691,0.0,1.0
SLC2A1,0.0,1.0
SLC2A1-AS1,0.0,1.0
FAM183A,0.0,1.0
EBNA1BP2,1.0,0.0
TMEM125,1.0,0.0
C1orf210,0.0,1.0
TIE1,0.0,1.0
MPL,0.0,1.0
CDC20,0.0,1.0
ELOVL1,1.0,0.0
MED8,0.0,1.0
SZT2,0.0,1.0
SZT2-AS1,0.0,1.0
HYI,1.0,0.0
PTPRF,0.0,1.0
KDM4A,0.0,1.0
KDM4A-AS1,0.0,1.0
ST3GAL3,0.0,1.0
ARTN,0.0,1.0
IPO13,0.0,1.0
DPH2,1.0,0.0
ATP6V0B,0.0,1.0
B4GALT2,0.0,1.0
CCDC24,0.0,1.0
SLC6A9,1.0,0.0
KLF17,1.0,0.0
DMAP1,0.0,1.0
ERI3,0.0,1.0
RNF220,0.0,1.0
TMEM53,1.0,0.0
KIF2C,0.0,1.0
RPS8,1.0,0.0
BEST4,1.0,0.0
PLK3,0.0,1.0
TCTEX1D4,1.0,0.0
BTBD19,0.0,1.0
PTCH2,0.0,1.0
EIF2B3,1.0,0.0
HECTD3,0.0,1.0
UROD,0.0,1.0
ZSWIM5,0.0,1.0
HPDL,0.0,1.0
MUTYH,0.0,1.0
TOE1,0.0,1.0
TESK2,1.0,0.0
MMACHC,1.0,0.0
PRDX1,0.0,1.0
AHCYL1,1.0,0.0
STRIP1,1.0,0.0
ALX3,1.0,0.0
SLC6A17,1.0,0.0
KCNC4,1.0,0.0
RBM15,0.0,1.0
SLC16A4,1.0,0.0
LAMTOR5,1.0,0.0
PROK1,1.0,0.0
CD53,0.0,1.0
LRIF1,0.0,1.0
DRAM2,0.0,1.0
CEPT1,0.0,1.0
DENND2D,0.0,1.0
CHI3L2,1.0,0.0
PIFO,1.0,0.0
OVGP1,0.0,1.0
WDR77,1.0,0.0
C1orf162,0.0,1.0
ADORA3,0.0,1.0
LINC01160,0.0,1.0
RAP1A,0.0,1.0
DDX20,1.0,0.0
KCND3,1.0,0.0
CAMK1G,0.0,1.0
LAMB3,1.0,0.0
G0S2,0.0,1.0
HSD11B1,0.0,1.0
TRAF3IP3,0.0,1.0
C1orf74,0.0,1.0
IRF6,0.0,1.0
SYT14,0.0,1.0
SERTAD4-AS1,1.0,0.0
SERTAD4,0.0,1.0
HHAT,0.0,1.0
KCNH1,1.0,0.0
RCOR3,0.0,1.0
TRAF5,0.0,1.0
LINC00467,0.0,1.0
RD3,1.0,0.0
SLC30A1,1.0,0.0
AL356310.1,0.0,1.0
NEK2,0.0,1.0
LPGAT1,1.0,0.0
INTS7,0.0,1.0
DTL,1.0,0.0
PPP2R5A,0.0,1.0
TMEM206,0.0,1.0
NENF,0.0,1.0
ATF3,0.0,1.0
FAM71A,0.0,1.0
BATF3,0.0,1.0
NSL1,1.0,0.0
TATDN3,1.0,0.0
FLVCR1,0.0,1.0
VASH2,0.0,1.0
ANGEL2,1.0,0.0
RPS6KC1,0.0,1.0
PROX1,0.0,1.0
SMYD2,0.0,1.0
PTPN14,0.0,1.0
CENPF,1.0,0.0
KCNK2,1.0,0.0
KCTD3,1.0,0.0
USH2A,0.0,1.0
ESRRG,0.0,1.0
GPATCH2,1.0,0.0
SPATA17,0.0,1.0
RRP15,0.0,1.0
TGFB2,1.0,0.0
C1orf143,0.0,1.0
LYPLAL1,0.0,1.0
ZC3H11B,0.0,1.0
SLC30A10,0.0,1.0
EPRS,0.0,1.0
BPNT1,0.0,1.0
IARS2,1.0,0.0
RAB3GAP2,0.0,1.0
MARK1,0.0,1.0
C1orf115,0.0,1.0
MARC2,1.0,0.0
MARC1,1.0,0.0
RNU6ATAC35P,1.0,0.0
HLX,1.0,0.0
DUSP10,1.0,0.0
HHIPL2,0.0,1.0
TAF1A,0.0,1.0
MIA3,0.0,1.0
AIDA,0.0,1.0
BROX,1.0,0.0
DISP1,1.0,0.0
TLR5,0.0,1.0
SUSD4,0.0,1.0
CAPN8,0.0,1.0
CAPN2,1.0,0.0
TP53BP2,1.0,0.0
FBXO28,0.0,1.0
DEGS1,1.0,0.0
NVL,0.0,1.0
CNIH4,1.0,0.0
WDR26,1.0,0.0
CNIH3,0.0,1.0
DNAH14,0.0,1.0
LBR,0.0,1.0
ENAH,0.0,1.0
SRP9,1.0,0.0
DLG5,0.0,1.0
AL391421.1,0.0,1.0
POLR3A,0.0,1.0
RPS24,1.0,0.0
LINC00595,1.0,0.0
ZMIZ1-AS1,0.0,1.0
ZMIZ1,1.0,0.0
PPIF,1.0,0.0
ZCCHC24,0.0,1.0
EIF5AL1,1.0,0.0
SFTPA2,0.0,1.0
SFTPA1,0.0,1.0
NUTM2B,0.0,1.0
SFTPD,0.0,1.0
TMEM254-AS1,0.0,1.0
TMEM254,0.0,1.0
PLAC9,0.0,1.0
ANXA11,1.0,0.0
LINC00857,1.0,0.0
MAT1A,0.0,1.0
DYDC1,0.0,1.0
DYDC2,0.0,1.0
FAM213A,1.0,0.0
TSPAN14,0.0,1.0
SH2D4B,0.0,1.0
NRG3,1.0,0.0
GHITM,0.0,1.0
C10orf99,0.0,1.0
CDHR1,0.0,1.0
RGR,1.0,0.0
LINC00858,0.0,1.0
CCSER2,0.0,1.0
GRID1,1.0,0.0
LDB3,0.0,1.0
BMPR1A,0.0,1.0
MMRN2,0.0,1.0
SNCG,0.0,1.0
ADIRF,0.0,1.0
FAM25A,0.0,1.0
GLUD1,0.0,1.0
NUTM2A,1.0,0.0
NUTM2A-AS1,0.0,1.0
NUTM2D,0.0,1.0
MINPP1,1.0,0.0
PAPSS2,0.0,1.0
ATAD1,1.0,0.0
KLLN,0.0,1.0
PTEN,0.0,1.0
RNLS,0.0,1.0
LIPJ,1.0,0.0
LIPF,0.0,1.0
ANKRD22,1.0,0.0
STAMBPL1,0.0,1.0
ACTA2-AS1,0.0,1.0
ACTA2,0.0,1.0
FAS,0.0,1.0
CH25H,0.0,1.0
AL353751.1,0.0,1.0
IFIT2,0.0,1.0
LIPA,0.0,1.0
IFIT3,1.0,0.0
IFIT1,1.0,0.0
IFIT5,1.0,0.0
SLC16A12,1.0,0.0
PANK1,1.0,0.0
KIF20B,0.0,1.0
LINC00865,0.0,1.0
HTR7,1.0,0.0
RPP30,1.0,0.0
ANKRD1,0.0,1.0
PCGF5,0.0,1.0
HECTD2,1.0,0.0
PPP1R3C,0.0,1.0
TNKS2-AS1,0.0,1.0
TNKS2,0.0,1.0
FGFBP3,1.0,0.0
BTAF1,1.0,0.0
CPEB3,1.0,0.0
MARCH5,0.0,1.0
IDE,0.0,1.0
KIF11,0.0,1.0
HHEX,0.0,1.0
EXOC6,1.0,0.0
CYP26C1,0.0,1.0
CYP26A1,0.0,1.0
MYOF,0.0,1.0
CEP55,1.0,0.0
FFAR4,0.0,1.0
RBP4,1.0,0.0
PDE6C,0.0,1.0
FRA10AC1,1.0,0.0
LGI1,0.0,1.0
SLC35G1,1.0,0.0
PLCE1,0.0,1.0
NOC3L,1.0,0.0
TBC1D12,0.0,1.0
HELLS,0.0,1.0
CYP2C8,0.0,1.0
PDLIM1,0.0,1.0
SORBS1,1.0,0.0
ALDH18A1,0.0,1.0
TCTN3,1.0,0.0
ENTPD1,0.0,1.0
ENTPD1-AS1,0.0,1.0
CC2D2B,1.0,0.0
CCNJ,0.0,1.0
ZNF518A,0.0,1.0
BLNK,0.0,1.0
TLL2,0.0,1.0
TM9SF3,0.0,1.0
PIK3AP1,0.0,1.0
LCOR,0.0,1.0
ARHGAP19-SLIT1,0.0,1.0
ARHGAP19,0.0,1.0
FRAT1,0.0,1.0
FRAT2,1.0,0.0
RRP12,0.0,1.0
PGAM1,0.0,1.0
EXOSC1,0.0,1.0
ZDHHC16,0.0,1.0
MMS19,0.0,1.0
AL355490.2,1.0,0.0
UBTD1,0.0,1.0
ANKRD2,0.0,1.0
C10orf62,1.0,0.0
HOGA1,0.0,1.0
MORN4,0.0,1.0
PI4K2A,0.0,1.0
AVPI1,1.0,0.0
MARVELD1,1.0,0.0
ZFYVE27,1.0,0.0
SFRP5,1.0,0.0
GOLGA7B,0.0,1.0
CRTAC1,1.0,0.0
R3HCC1L,0.0,1.0
LOXL4,0.0,1.0
PYROXD2,0.0,1.0
HPS1,0.0,1.0
CNNM1,1.0,0.0
GOT1,0.0,1.0
SLC25A28,1.0,0.0
ENTPD7,0.0,1.0
COX15,0.0,1.0
CUTC,1.0,0.0
ABCC2,0.0,1.0
DNMBP-AS1,0.0,1.0
DNMBP,1.0,0.0
ERLIN1,1.0,0.0
CHUK,0.0,1.0
PLEKHS1,1.0,0.0
DCLRE1A,1.0,0.0
NHLRC2,0.0,1.0
ADRB1,0.0,1.0
TDRD1,0.0,1.0
VWA2,0.0,1.0
AFAP1L2,0.0,1.0
ABLIM1,0.0,1.0
FAM160B1,1.0,0.0
TRUB1,0.0,1.0
ATRNL1,1.0,0.0
GFRA1,1.0,0.0
PNLIPRP1,0.0,1.0
C10orf82,0.0,1.0
HSPA12A,1.0,0.0
ENO4,0.0,1.0
PDZD8,0.0,1.0
EMX2OS,1.0,0.0
EMX2,1.0,0.0
RAB11FIP2,0.0,1.0
CASC2,0.0,1.0
FAM204A,0.0,1.0
LINC00867,0.0,1.0
PRLHR,1.0,0.0
CACUL1,1.0,0.0
NANOS1,0.0,1.0
EIF3A,0.0,1.0
FAM45A,0.0,1.0
SFXN4,0.0,1.0
PRDX3,0.0,1.0
GRK5,0.0,1.0
RGS10,0.0,1.0
TIAL1,0.0,1.0
BAG3,0.0,1.0
INPP5F,1.0,0.0
MCMBP,0.0,1.0
SEC23IP,1.0,0.0
WDR11-AS1,0.0,1.0
WDR11,1.0,0.0
FGFR2,0.0,1.0
ATE1,1.0,0.0
NSMCE4A,0.0,1.0
TACC2,0.0,1.0
BTBD16,0.0,1.0
PLEKHA1,0.0,1.0
HTRA1,0.0,1.0
DMBT1,1.0,0.0
C10orf120,0.0,1.0
CUZD1,0.0,1.0
FAM24B,0.0,1.0
C10orf88,1.0,0.0
PSTK,0.0,1.0
IKZF5,0.0,1.0
ACADSB,0.0,1.0
BUB3,0.0,1.0
CPXM2,0.0,1.0
CHST15,0.0,1.0
OAT,0.0,1.0
NKX1-2,1.0,0.0
LHPP,0.0,1.0
FAM53B,1.0,0.0
AC068896.1,1.0,0.0
ZRANB1,0.0,1.0
CTBP2,1.0,0.0
EDRF1,0.0,1.0
EDRF1-AS1,0.0,1.0
MMP21,1.0,0.0
UROS,1.0,0.0
BCCIP,0.0,1.0
DHX32,1.0,0.0
FANK1,1.0,0.0
ADAM12,0.0,1.0
DOCK1,1.0,0.0
CLRN3,0.0,1.0
PTPRE,1.0,0.0
MKI67,1.0,0.0
MGMT,0.0,1.0
EBF3,1.0,0.0
GLRX3,0.0,1.0
PPP2R2D,0.0,1.0
BNIP3,1.0,0.0
JAKMIP3,0.0,1.0
DPYSL4,0.0,1.0
STK32C,1.0,0.0
LRRC27,0.0,1.0
PWWP2B,0.0,1.0
C10orf91,0.0,1.0
INPP5A,1.0,0.0
NKX6-2,1.0,0.0
KNDC1,0.0,1.0
UTF1,0.0,1.0
MIR202HG,0.0,1.0
ADAM8,0.0,1.0
TUBGCP2,0.0,1.0
ZNF511,0.0,1.0
CALY,0.0,1.0
PRAP1,1.0,0.0
FUOM,0.0,1.0
ECHS1,1.0,0.0
PAOX,0.0,1.0
MTG1,0.0,1.0
CYP2E1,0.0,1.0
HSD17B12,0.0,1.0
ALKBH3,1.0,0.0
C11orf96,0.0,1.0
ACCS,1.0,0.0
EXT2,0.0,1.0
CD82,0.0,1.0
TSPAN18,1.0,0.0
TP53I11,1.0,0.0
PRDM11,0.0,1.0
SYT13,1.0,0.0
CHST1,0.0,1.0
SLC35C1,0.0,1.0
CRY2,0.0,1.0
MAPK8IP1,0.0,1.0
C11orf94,1.0,0.0
PEX16,0.0,1.0
PHF21A,0.0,1.0
AC024475.1,0.0,1.0
CREB3L1,0.0,1.0
DGKZ,1.0,0.0
MDK,0.0,1.0
AMBRA1,0.0,1.0
HARBI1,0.0,1.0
ATG13,1.0,0.0
ARHGAP1,0.0,1.0
ZNF408,0.0,1.0
CKAP5,1.0,0.0
LRP4-AS1,1.0,0.0
LRP4,0.0,1.0
C11orf49,1.0,0.0
ARFGAP2,0.0,1.0
PACSIN3,0.0,1.0
DDB2,0.0,1.0
ACP2,1.0,0.0
NR1H3,1.0,0.0
MADD,0.0,1.0
MYBPC3,1.0,0.0
SPI1,0.0,1.0
SLC39A13,1.0,0.0
PSMC3,0.0,1.0
RAPSN,0.0,1.0
UNC93B1,1.0,0.0
ALDH3B1,1.0,0.0
NDUFS8,1.0,0.0
TCIRG1,1.0,0.0
CHKA,0.0,1.0
C11orf24,1.0,0.0
LRP5,1.0,0.0
PPP6R3,0.0,1.0
AP003096.1,0.0,1.0
GAL,1.0,0.0
CPT1A,1.0,0.0
MRPL21,0.0,1.0
IGHMBP2,0.0,1.0
MRGPRF,0.0,1.0
TPCN2,0.0,1.0
MYEOV,0.0,1.0
AP000439.1,0.0,1.0
AP000439.2,1.0,0.0
AP000439.3,0.0,1.0
CCND1,1.0,0.0
ORAOV1,0.0,1.0
FGF19,0.0,1.0
ANO1,1.0,0.0
FADD,0.0,1.0
PPFIA1,0.0,1.0
CTTN,0.0,1.0
SHANK2-AS1,0.0,1.0
SHANK2,1.0,0.0
SHANK2-AS3,0.0,1.0
DHCR7,0.0,1.0
NADSYN1,1.0,0.0
KRTAP5-7,0.0,1.0
KRTAP5-8,0.0,1.0
KRTAP5-9,1.0,0.0
KRTAP5-10,0.0,1.0
AP003498.1,1.0,0.0
FAM86C1,0.0,1.0
ZNF705E,0.0,1.0
RNF121,0.0,1.0
IL18BP,0.0,1.0
NUMA1,1.0,0.0
AP002490.1,1.0,0.0
LAMTOR1,0.0,1.0
LRTOMT,0.0,1.0
ANAPC15,0.0,1.0
FOLR3,0.0,1.0
FOLR1,0.0,1.0
FOLR2,0.0,1.0
INPPL1,1.0,0.0
PHOX2A,0.0,1.0
CLPB,1.0,0.0
PDE2A,0.0,1.0
ARAP1-AS1,0.0,1.0
ARAP1-AS2,0.0,1.0
ARAP1,0.0,1.0
STARD10,0.0,1.0
ATG16L2,0.0,1.0
FCHSD2,0.0,1.0
P2RY2,0.0,1.0
P2RY6,0.0,1.0
ARHGEF17,0.0,1.0
AP002761.1,1.0,0.0
RELT,0.0,1.0
FAM168A,1.0,0.0
PLEKHB1,0.0,1.0
RAB6A,1.0,0.0
MRPL48,0.0,1.0
COA4,1.0,0.0
PAAF1,1.0,0.0
DNAJB13,1.0,0.0
UCP2,0.0,1.0
UCP3,0.0,1.0
C2CD3,1.0,0.0
PPME1,1.0,0.0
P4HA3,0.0,1.0
PGM2L1,0.0,1.0
KCNE3,0.0,1.0
LIPT2,1.0,0.0
POLD3,0.0,1.0
CHRDL2,0.0,1.0
RNF169,0.0,1.0
XRRA1,0.0,1.0
SPCS2,0.0,1.0
NEU3,0.0,1.0
OR2AT4,0.0,1.0
SLCO2B1,0.0,1.0
TPBGL,0.0,1.0
ARRB1,0.0,1.0
RPS3,0.0,1.0
KLHL35,1.0,0.0
GDPD5,0.0,1.0
SERPINH1,0.0,1.0
MAP6,0.0,1.0
MOGAT2,0.0,1.0
DGAT2,0.0,1.0
UVRAG,0.0,1.0
WNT11,0.0,1.0
LRRC32,0.0,1.0
TSKU,0.0,1.0
ACER3,0.0,1.0
B3GNT6,0.0,1.0
CAPN5,1.0,0.0
MYO7A,0.0,1.0
PAK1,0.0,1.0
CLNS1A,0.0,1.0
AQP11,0.0,1.0
RSF1,1.0,0.0
AAMDC,0.0,1.0
INTS4,1.0,0.0
KCTD14,0.0,1.0
THRSP,1.0,0.0
NDUFC2,0.0,1.0
ALG8,0.0,1.0
KCTD21-AS1,0.0,1.0
KCTD21,1.0,0.0
USP35,1.0,0.0
GAB2,1.0,0.0
NARS2,0.0,1.0
TENM4,0.0,1.0
FAM181B,0.0,1.0
PRCP,1.0,0.0
RAB30,0.0,1.0
RAB30-AS1,0.0,1.0
PCF11,0.0,1.0
ANKRD42,0.0,1.0
CCDC90B,0.0,1.0
DLG2,0.0,1.0
TMEM126B,1.0,0.0
TMEM126A,1.0,0.0
CREBZF,0.0,1.0
CCDC89,1.0,0.0
SYTL2,0.0,1.0
CCDC83,0.0,1.0
PICALM,0.0,1.0
EED,0.0,1.0
CCDC81,0.0,1.0
ME3,1.0,0.0
PRSS23,1.0,0.0
FZD4,1.0,0.0
TMEM135,0.0,1.0
RAB38,0.0,1.0
CTSC,1.0,0.0
NOX4,0.0,1.0
NAALAD2,1.0,0.0
CHORDC1,0.0,1.0
FAT3,1.0,0.0
SLC36A4,0.0,1.0
SMCO4,0.0,1.0
SCARNA9,1.0,0.0
C11orf54,0.0,1.0
TAF1D,0.0,1.0
MED17,1.0,0.0
PANX1,0.0,1.0
GPR83,0.0,1.0
ANKRD49,1.0,0.0
FUT4,0.0,1.0
PIWIL4,0.0,1.0
AMOTL1,0.0,1.0
CWC15,0.0,1.0
KDM4D,1.0,0.0
SRSF8,0.0,1.0
ENDOD1,0.0,1.0
SESN3,0.0,1.0
FAM76B,1.0,0.0
CEP57,0.0,1.0
MTMR2,1.0,0.0
MAML2,0.0,1.0
CCDC82,1.0,0.0
JRKL,0.0,1.0
CNTN5,1.0,0.0
ARHGAP42,0.0,1.0
PGR,0.0,1.0
YAP1,0.0,1.0
BIRC3,0.0,1.0
BIRC2,1.0,0.0
TMEM123,0.0,1.0
MMP7,0.0,1.0
MMP10,0.0,1.0
MMP1,0.0,1.0
MMP13,1.0,0.0
DCUN1D5,0.0,1.0
DYNC2H1,1.0,0.0
PDGFD,1.0,0.0
CASP4,1.0,0.0
CASP1,1.0,0.0
CARD16,0.0,1.0
CARD17,1.0,0.0
MSANTD4,1.0,0.0
KBTBD3,0.0,1.0
AASDHPPT,0.0,1.0
GUCY1A2,0.0,1.0
CWF19L2,0.0,1.0
ALKBH8,0.0,1.0
ELMOD1,0.0,1.0
SLN,0.0,1.0
SLC35F2,0.0,1.0
CUL5,0.0,1.0
ACAT1,0.0,1.0
NPAT,0.0,1.0
ATM,0.0,1.0
C11orf65,0.0,1.0
KDELC2,0.0,1.0
EXPH5,1.0,0.0
DDX10,0.0,1.0
ZC3H12C,0.0,1.0
RDX,1.0,0.0
FDX1,0.0,1.0
ARHGAP20,0.0,1.0
C11orf53,0.0,1.0
COLCA1,0.0,1.0
COLCA2,0.0,1.0
POU2AF1,0.0,1.0
C11orf88,0.0,1.0
LAYN,1.0,0.0
SIK2,1.0,0.0
PPP2R1B,1.0,0.0
ALG9,0.0,1.0
FDXACB1,0.0,1.0
C11orf1,0.0,1.0
HSPB2,0.0,1.0
CRYAB,0.0,1.0
C11orf52,0.0,1.0
DIXDC1,0.0,1.0
DLAT,0.0,1.0
PIH1D2,0.0,1.0
TIMM8B,1.0,0.0
SDHD,0.0,1.0
IL18,1.0,0.0
TEX12,0.0,1.0
BCO2,0.0,1.0
AP002884.1,1.0,0.0
PTS,1.0,0.0
PLET1,0.0,1.0
NCAM1,1.0,0.0
TTC12,1.0,0.0
ANKK1,0.0,1.0
DRD2,0.0,1.0
TMPRSS5,0.0,1.0
ZW10,0.0,1.0
CLDN25,0.0,1.0
USP28,0.0,1.0
HTR3B,0.0,1.0
HTR3A,1.0,0.0
ZBTB16,1.0,0.0
NNMT,1.0,0.0
C11orf71,0.0,1.0
RBM7,0.0,1.0
REXO2,0.0,1.0
NXPE2,0.0,1.0
AP000462.3,0.0,1.0
CADM1,0.0,1.0
AP000462.1,1.0,0.0
AP000997.1,0.0,1.0
AP000997.2,0.0,1.0
AP000797.3,0.0,1.0
LINC00900,0.0,1.0
BUD13,1.0,0.0
APOA1,0.0,1.0
APOA1-AS,0.0,1.0
SIK3,0.0,1.0
AP000936.1,0.0,1.0
PAFAH1B2,0.0,1.0
SIDT2,0.0,1.0
TAGLN,1.0,0.0
PCSK7,1.0,0.0
RNF214,0.0,1.0
BACE1,1.0,0.0
CEP164,0.0,1.0
DSCAML1,0.0,1.0
FXYD2,0.0,1.0
FXYD6-FXYD2,0.0,1.0
FXYD6,1.0,0.0
TMPRSS13,0.0,1.0
IL10RA,0.0,1.0
TMPRSS4,0.0,1.0
SCN4B,0.0,1.0
SCN2B,0.0,1.0
MPZL3,0.0,1.0
MPZL2,0.0,1.0
CD3G,0.0,1.0
UBE4A,1.0,0.0
KMT2A,1.0,0.0
TTC36,0.0,1.0
TMEM25,0.0,1.0
IFT46,0.0,1.0
ARCN1,0.0,1.0
PHLDB1,0.0,1.0
TREH,1.0,0.0
DDX6,0.0,1.0
CXCR5,0.0,1.0
BCL9L,0.0,1.0
UPK2,0.0,1.0
FOXR1,0.0,1.0
CCDC84,0.0,1.0
RPS25,0.0,1.0
TRAPPC4,1.0,0.0
SLC37A4,1.0,0.0
HYOU1,0.0,1.0
VPS11,1.0,0.0
HMBS,0.0,1.0
H2AFX,1.0,0.0
DPAGT1,1.0,0.0
C2CD2L,0.0,1.0
HINFP,0.0,1.0
ABCG4,0.0,1.0
NLRX1,1.0,0.0
PDZD3,0.0,1.0
CCDC153,1.0,0.0
CBL,0.0,1.0
MCAM,0.0,1.0
RNF26,0.0,1.0
MFRP,0.0,1.0
USP2,1.0,0.0
THY1,0.0,1.0
USP2-AS1,1.0,0.0
TRIM29,0.0,1.0
OAF,0.0,1.0
POU2F3,0.0,1.0
TMEM136,0.0,1.0
ARHGEF12,0.0,1.0
GRIK4,0.0,1.0
TBCEL,0.0,1.0
TECTA,1.0,0.0
SC5D,0.0,1.0
SORL1,0.0,1.0
BLID,0.0,1.0
UBASH3B,0.0,1.0
CRTAM,0.0,1.0
HSPA8,0.0,1.0
CLMP,0.0,1.0
GRAMD1B,0.0,1.0
SCN3B,1.0,0.0
ZNF202,1.0,0.0
OR8D4,0.0,1.0
OR10G4,1.0,0.0
VWA5A,0.0,1.0
TBRG1,1.0,0.0
SIAE,1.0,0.0
SPA17,1.0,0.0
NRGN,0.0,1.0
VSIG2,1.0,0.0
ESAM,1.0,0.0
MSANTD2,0.0,1.0
AP000866.1,0.0,1.0
ROBO3,0.0,1.0
ROBO4,1.0,0.0
CCDC15,0.0,1.0
SLC37A2,1.0,0.0
AP001007.1,0.0,1.0
TMEM218,0.0,1.0
PKNOX2,0.0,1.0
FEZ1,0.0,1.0
EI24,0.0,1.0
STT3A-AS1,1.0,0.0
STT3A,1.0,0.0
CHEK1,1.0,0.0
ACRV1,0.0,1.0
PATE2,0.0,1.0
HYLS1,0.0,1.0
PUS3,0.0,1.0
DDX25,0.0,1.0
CDON,0.0,1.0
RPUSD4,1.0,0.0
FAM118B,0.0,1.0
FOXRED1,0.0,1.0
TIRAP,0.0,1.0
DCPS,0.0,1.0
ST3GAL4,1.0,0.0
KIRREL3,0.0,1.0
AP002833.1,1.0,0.0
KIRREL3-AS3,0.0,1.0
ETS1,0.0,1.0
SENCR,0.0,1.0
FLI1,0.0,1.0
KCNJ1,0.0,1.0
C11orf45,0.0,1.0
KCNJ5,0.0,1.0
TP53AIP1,1.0,0.0
ARHGAP32,0.0,1.0
BARX2,0.0,1.0
TMEM45B,0.0,1.0
NFRKB,0.0,1.0
PRDM10,0.0,1.0
LINC00167,1.0,0.0
APLP2,0.0,1.0
ST14,0.0,1.0
ZBTB44,0.0,1.0
ADAMTS8,0.0,1.0
ADAMTS15,0.0,1.0
C11orf44,1.0,0.0
SNX19,0.0,1.0
NTM,1.0,0.0
OPCML,1.0,0.0
SPATA19,0.0,1.0
IGSF9B,0.0,1.0
AP000911.1,0.0,1.0
JAM3,0.0,1.0
NCAPD3,1.0,0.0
VPS26B,0.0,1.0
THYN1,0.0,1.0
ACAD8,1.0,0.0
GLB1L3,0.0,1.0
GLB1L2,0.0,1.0
B3GAT1,0.0,1.0
AC026369.1,0.0,1.0
IQSEC3,0.0,1.0
SLC6A12,0.0,1.0
SLC6A13,0.0,1.0
KDM5A,0.0,1.0
CCDC77,1.0,0.0
B4GALNT3,1.0,0.0
NINJ2,0.0,1.0
WNK1,0.0,1.0
RAD52,1.0,0.0
ERC1,1.0,0.0
LINC00942,0.0,1.0
FBXL14,0.0,1.0
WNT5B,0.0,1.0
ADIPOR2,1.0,0.0
CACNA2D4,0.0,1.0
LINC00940,0.0,1.0
DCP1B,0.0,1.0
CACNA1C,0.0,1.0
CACNA1C-AS2,0.0,1.0
CACNA1C-AS1,0.0,1.0
FKBP4,0.0,1.0
NRIP2,1.0,0.0
ITFG2,0.0,1.0
AC005841.1,1.0,0.0
FOXM1,1.0,0.0
RHNO1,0.0,1.0
TULP3,0.0,1.0
TEAD4,1.0,0.0
TSPAN9,0.0,1.0
PRMT8,0.0,1.0
PARP11,0.0,1.0
CCND2,1.0,0.0
FGF23,0.0,1.0
C12orf4,0.0,1.0
RAD51AP1,0.0,1.0
DYRK4,0.0,1.0
AKAP3,1.0,0.0
NDUFA9,0.0,1.0
GALNT8,1.0,0.0
KCNA5,0.0,1.0
NTF3,0.0,1.0
ANO2,0.0,1.0
VWF,0.0,1.0
CD9,0.0,1.0
PLEKHG6,0.0,1.0
TNFRSF1A,0.0,1.0
SCNN1A,0.0,1.0
LTBR,0.0,1.0
CD27,1.0,0.0
TAPBPL,0.0,1.0
VAMP1,0.0,1.0
MRPL51,1.0,0.0
NCAPD2,0.0,1.0
GAPDH,1.0,0.0
IFFO1,0.0,1.0
NOP2,0.0,1.0
CHD4,0.0,1.0
LPAR5,0.0,1.0
ACRBP,1.0,0.0
ING4,0.0,1.0
ZNF384,0.0,1.0
PIANP,0.0,1.0
COPS7A,1.0,0.0
MLF2,1.0,0.0
PTMS,1.0,0.0
LAG3,0.0,1.0
CD4,0.0,1.0
GPR162,0.0,1.0
GNB3,1.0,0.0
CDCA3,0.0,1.0
USP5,1.0,0.0
TPI1,1.0,0.0
SPSB2,0.0,1.0
LRRC23,0.0,1.0
ENO2,0.0,1.0
ATN1,0.0,1.0
C12orf57,0.0,1.0
PTPN6,0.0,1.0
PHB2,0.0,1.0
EMG1,0.0,1.0
LPCAT3,0.0,1.0
C1S,0.0,1.0
C1R,0.0,1.0
C1RL,0.0,1.0
C1RL-AS1,0.0,1.0
RBP5,0.0,1.0
CLSTN3,1.0,0.0
PEX5,0.0,1.0
CD163L1,0.0,1.0
GDF3,0.0,1.0
DPPA3,1.0,0.0
NANOGNB,0.0,1.0
NANOG,0.0,1.0
SLC2A14,0.0,1.0
SLC2A3,0.0,1.0
FOXJ2,0.0,1.0
C3AR1,1.0,0.0
NECAP1,0.0,1.0
CLEC4A,0.0,1.0
FAM66C,0.0,1.0
FAM90A1,0.0,1.0
AC092111.1,0.0,1.0
AC092745.1,0.0,1.0
LINC00937,0.0,1.0
CLEC6A,0.0,1.0
CLEC4D,1.0,0.0
MFAP5,1.0,0.0
RIMKLB,0.0,1.0
A2ML1-AS1,0.0,1.0
A2ML1,1.0,0.0
PHC1,0.0,1.0
M6PR,1.0,0.0
KLRG1,0.0,1.0
A2M-AS1,0.0,1.0
A2M,0.0,1.0
PZP,1.0,0.0
LINC00987,0.0,1.0
CLEC2D,0.0,1.0
CLECL1,0.0,1.0
CD69,0.0,1.0
KLRF1,1.0,0.0
CLEC2B,0.0,1.0
CLEC12A,0.0,1.0
CLEC9A,0.0,1.0
CLEC1A,0.0,1.0
CLEC7A,0.0,1.0
GABARAPL1,0.0,1.0
KLRD1,0.0,1.0
KLRC2,0.0,1.0
KLRC1,0.0,1.0
MAGOHB,0.0,1.0
STYK1,0.0,1.0
YBX3,0.0,1.0
TAS2R8,1.0,0.0
TAS2R10,0.0,1.0
PRH1,0.0,1.0
TAS2R13,1.0,0.0
TAS2R50,1.0,0.0
TAS2R20,0.0,1.0
PRR4,0.0,1.0
TAS2R19,0.0,1.0
TAS2R31,1.0,0.0
TAS2R14,0.0,1.0
TAS2R46,1.0,0.0
TAS2R43,0.0,1.0
TAS2R30,0.0,1.0
PRB3,1.0,0.0
PRB4,0.0,1.0
ETV6,0.0,1.0
BCL2L14,0.0,1.0
LRP6,0.0,1.0
MANSC1,1.0,0.0
LOH12CR2,0.0,1.0
DUSP16,0.0,1.0
CREBL2,0.0,1.0
GPR19,0.0,1.0
CDKN1B,0.0,1.0
APOLD1,1.0,0.0
DDX47,0.0,1.0
GPRC5A,0.0,1.0
HEBP1,0.0,1.0
GSG1,0.0,1.0
EMP1,0.0,1.0
GRIN2B,0.0,1.0
ATF7IP,0.0,1.0
PLBD1,1.0,0.0
GUCY2C,1.0,0.0
HIST4H4,1.0,0.0
H2AFJ,0.0,1.0
WBP11,0.0,1.0
ART4,0.0,1.0
C12orf60,0.0,1.0
MGP,1.0,0.0
ERP27,0.0,1.0
ARHGDIB,1.0,0.0
PDE6H,0.0,1.0
RERG,0.0,1.0
PTPRO,0.0,1.0
EPS8,1.0,0.0
STRAP,0.0,1.0
DERA,0.0,1.0
MGST1,0.0,1.0
LMO3,0.0,1.0
PLEKHA5,0.0,1.0
AEBP2,0.0,1.0
PDE3A,1.0,0.0
SLCO1C1,0.0,1.0
SLCO1B3,1.0,0.0
SLCO1A2,1.0,0.0
IAPP,0.0,1.0
PYROXD1,0.0,1.0
RECQL,0.0,1.0
GOLT1B,1.0,0.0
GYS2,0.0,1.0
LDHB,0.0,1.0
KCNJ8,1.0,0.0
ABCC9,0.0,1.0
CMAS,0.0,1.0
ST8SIA1,0.0,1.0
C2CD5,0.0,1.0
ETNK1,1.0,0.0
SOX5,0.0,1.0
BCAT1,0.0,1.0
C12orf77,1.0,0.0
LRMP,0.0,1.0
CASC1,0.0,1.0
KRAS,0.0,1.0
AC087239.1,0.0,1.0
RASSF8-AS1,0.0,1.0
RASSF8,0.0,1.0
BHLHE41,1.0,0.0
SSPN,0.0,1.0
ITPR2,1.0,0.0
FGFR1OP2,0.0,1.0
AC024896.1,1.0,0.0
TM7SF3,0.0,1.0
MED21,1.0,0.0
STK38L,1.0,0.0
ARNTL2,0.0,1.0
SMCO2,0.0,1.0
PPFIBP1,0.0,1.0
REP15,0.0,1.0
MRPS35,0.0,1.0
MANSC4,1.0,0.0
KLHL42,0.0,1.0
PTHLH,1.0,0.0
CCDC91,1.0,0.0
AC012150.1,1.0,0.0
FAR2,0.0,1.0
ERGIC2,0.0,1.0
OVCH1-AS1,0.0,1.0
OVCH1,0.0,1.0
TMTC1,0.0,1.0
IPO8,1.0,0.0
CAPRIN2,0.0,1.0
LINC00941,0.0,1.0
TSPAN11,0.0,1.0
DDX11-AS1,0.0,1.0
DDX11,0.0,1.0
AC024940.1,0.0,1.0
DENND5B,0.0,1.0
DENND5B-AS1,0.0,1.0
AMN1,0.0,1.0
H3F3C,1.0,0.0
KIAA1551,0.0,1.0
BICD1,0.0,1.0
FGD4,1.0,0.0
DNM1L,1.0,0.0
YARS2,0.0,1.0
PKP2,0.0,1.0
SYT10,0.0,1.0
ALG10,0.0,1.0
ALG10B,0.0,1.0
CPNE8,0.0,1.0
AC067735.1,0.0,1.0
KIF21A,1.0,0.0
ABCD2,0.0,1.0
SLC2A13,1.0,0.0
LRRK2,0.0,1.0
MUC19,0.0,1.0
CNTN1,0.0,1.0
PDZRN4,0.0,1.0
GXYLT1,0.0,1.0
YAF2,1.0,0.0
ZCRB1,0.0,1.0
PPHLN1,1.0,0.0
PRICKLE1,1.0,0.0
PUS7L,1.0,0.0
IRAK4,1.0,0.0
TWF1,1.0,0.0
TMEM117,0.0,1.0
NELL2,0.0,1.0
DBX2,0.0,1.0
ANO6,0.0,1.0
ARID2,0.0,1.0
SCAF11,1.0,0.0
SLC38A1,1.0,0.0
SLC38A2,0.0,1.0
SLC38A4,0.0,1.0
AMIGO2,1.0,0.0
PCED1B,1.0,0.0
RPAP3,1.0,0.0
ENDOU,1.0,0.0
RAPGEF3,1.0,0.0
SLC48A1,1.0,0.0
AC004466.1,1.0,0.0
HDAC7,0.0,1.0
VDR,0.0,1.0
TMEM106C,0.0,1.0
COL2A1,0.0,1.0
SENP1,0.0,1.0
PFKM,0.0,1.0
ASB8,1.0,0.0
H1FNT,0.0,1.0
ZNF641,0.0,1.0
ANP32D,1.0,0.0
C12orf54,0.0,1.0
OR4K2,0.0,1.0
OR11G2,0.0,1.0
AL356019.1,1.0,0.0
OR11H4,1.0,0.0
TTC5,0.0,1.0
CCNB1IP1,0.0,1.0
PARP2,0.0,1.0
TEP1,0.0,1.0
KLHL33,0.0,1.0
OSGEP,1.0,0.0
APEX1,0.0,1.0
PNP,0.0,1.0
RNASE9,0.0,1.0
ANG,0.0,1.0
RNASE4,1.0,0.0
EDDM3B,0.0,1.0
RNASE6,0.0,1.0
RNASE1,0.0,1.0
METTL17,1.0,0.0
SLC39A2,0.0,1.0
TPPP2,1.0,0.0
RNASE13,1.0,0.0
RNASE7,0.0,1.0
NDRG2,0.0,1.0
RNASE8,0.0,1.0
ARHGEF40,1.0,0.0
ZNF219,0.0,1.0
TMEM253,1.0,0.0
OR5AU1,0.0,1.0
HNRNPC,1.0,0.0
RPGRIP1,1.0,0.0
SUPT16H,0.0,1.0
CHD8,0.0,1.0
RAB2B,1.0,0.0
TOX4,1.0,0.0
METTL3,1.0,0.0
SALL2,0.0,1.0
OR10G3,1.0,0.0
TRAV3,0.0,1.0
TRAV8-2,0.0,1.0
TRAV26-2,0.0,1.0
TRAV38-2DV8,0.0,1.0
TRDC,0.0,1.0
TRDV3,0.0,1.0
MDGA2,0.0,1.0
LINC00648,1.0,0.0
RPS29,1.0,0.0
AL139099.1,0.0,1.0
LRR1,0.0,1.0
RPL36AL,0.0,1.0
MGAT2,0.0,1.0
DNAAF2,0.0,1.0
POLE2,0.0,1.0
KLHDC1,0.0,1.0
KLHDC2,1.0,0.0
NEMF,0.0,1.0
AL627171.2,0.0,1.0
AL627171.1,0.0,1.0
ARF6,0.0,1.0
VCPKMT,0.0,1.0
SOS2,0.0,1.0
L2HGDH,0.0,1.0
ATP5S,0.0,1.0
CDKL1,0.0,1.0
MAP4K5,1.0,0.0
ATL1,1.0,0.0
SAV1,1.0,0.0
NIN,1.0,0.0
ABHD12B,0.0,1.0
PYGL,0.0,1.0
WASIR2,0.0,1.0
POLR3K,0.0,1.0
SNRNP25,0.0,1.0
RHBDF1,0.0,1.0
MPG,0.0,1.0
NPRL3,0.0,1.0
HBZ,0.0,1.0
HBM,0.0,1.0
HBA2,0.0,1.0
HBA1,0.0,1.0
HBQ1,0.0,1.0
LUC7L,1.0,0.0
RGS11,0.0,1.0
ARHGDIG,0.0,1.0
PDIA2,1.0,0.0
AXIN1,0.0,1.0
MRPL28,0.0,1.0
TMEM8A,0.0,1.0
NME4,0.0,1.0
DECR2,0.0,1.0
RAB11FIP3,0.0,1.0
CAPN15,1.0,0.0
NHLRC4,0.0,1.0
PIGQ,1.0,0.0
RAB40C,0.0,1.0
WFIKKN1,0.0,1.0
AL022341.1,1.0,0.0
WDR90,1.0,0.0
RHOT2,0.0,1.0
RHBDL1,1.0,0.0
STUB1,0.0,1.0
JMJD8,1.0,0.0
WDR24,0.0,1.0
FBXL16,1.0,0.0
METRN,0.0,1.0
FAM173A,0.0,1.0
CCDC78,1.0,0.0
HAGHL,0.0,1.0
NARFL,1.0,0.0
MSLN,0.0,1.0
MSLNL,0.0,1.0
RPUSD1,0.0,1.0
CHTF18,1.0,0.0
GNG13,1.0,0.0
PRR25,0.0,1.0
LMF1,0.0,1.0
AC009041.2,0.0,1.0
SOX8,0.0,1.0
AC009041.1,0.0,1.0
CACNA1H,1.0,0.0
TPSAB1,0.0,1.0
UBE2I,0.0,1.0
BAIAP3,1.0,0.0
TSR3,0.0,1.0
GNPTG,0.0,1.0
UNKL,0.0,1.0
C16orf91,0.0,1.0
CCDC154,0.0,1.0
CLCN7,0.0,1.0
TELO2,0.0,1.0
TMEM204,0.0,1.0
IFT140,0.0,1.0
MAPK8IP3,0.0,1.0
NME3,1.0,0.0
MRPS34,0.0,1.0
EME2,1.0,0.0
SPSB3,0.0,1.0
NUBP2,0.0,1.0
IGFALS,0.0,1.0
HAGH,1.0,0.0
FAHD1,0.0,1.0
MEIOB,1.0,0.0
HS3ST6,0.0,1.0
MSRB1,0.0,1.0
RPL3L,0.0,1.0
NDUFB10,1.0,0.0
RPS2,1.0,0.0
SNHG9,0.0,1.0
RNF151,1.0,0.0
TBL3,0.0,1.0
NOXO1,0.0,1.0
AC005606.1,1.0,0.0
GFER,0.0,1.0
SYNGR3,0.0,1.0
ZNF598,0.0,1.0
NPW,0.0,1.0
SLC9A3R2,0.0,1.0
NTHL1,0.0,1.0
TSC2,1.0,0.0
PKD1,1.0,0.0
RAB26,0.0,1.0
TRAF7,0.0,1.0
CASKIN1,0.0,1.0
AC009065.3,0.0,1.0
MLST8,0.0,1.0
BRICD5,0.0,1.0
PGP,0.0,1.0
E4F1,0.0,1.0
DNASE1L2,0.0,1.0
ECI1,0.0,1.0
AC009065.1,0.0,1.0
RNPS1,1.0,0.0
ABCA3,1.0,0.0
CCNF,1.0,0.0
NTN3,0.0,1.0
TBC1D24,0.0,1.0
ATP6V0C,1.0,0.0
AMDHD2,0.0,1.0
CEMP1,1.0,0.0
PDPK1,0.0,1.0
KCTD5,1.0,0.0
AC092117.1,0.0,1.0
PRSS27,0.0,1.0
SRRM2-AS1,0.0,1.0
SRRM2,1.0,0.0
PRSS33,0.0,1.0
PRSS41,1.0,0.0
PRSS21,0.0,1.0
ZG16B,0.0,1.0
PRSS22,1.0,0.0
FLYWCH2,1.0,0.0
FLYWCH1,0.0,1.0
KREMEN2,1.0,0.0
PAQR4,0.0,1.0
PKMYT1,0.0,1.0
CLDN9,0.0,1.0
CLDN6,0.0,1.0
TNFRSF12A,0.0,1.0
HCFC1R1,0.0,1.0
THOC6,0.0,1.0
MMP25,0.0,1.0
IL32,1.0,0.0
ZSCAN10,0.0,1.0
ZNF205,1.0,0.0
ZNF213,0.0,1.0
ZNF200,0.0,1.0
MEFV,0.0,1.0
ZNF263,1.0,0.0
TIGD7,0.0,1.0
ZNF75A,0.0,1.0
MTRNR2L4,0.0,1.0
ZSCAN32,1.0,0.0
ZNF174,0.0,1.0
ZNF597,0.0,1.0
NAA60,0.0,1.0
C16orf90,0.0,1.0
CLUAP1,0.0,1.0
NLRC3,1.0,0.0
SLX4,1.0,0.0
DNASE1,1.0,0.0
TRAP1,1.0,0.0
CREBBP,0.0,1.0
ADCY9,0.0,1.0
SRL,0.0,1.0
TFAP4,0.0,1.0
GLIS2,0.0,1.0
PAM16,1.0,0.0
VASN,0.0,1.0
CORO7-PAM16,0.0,1.0
CORO7,0.0,1.0
DNAJA3,0.0,1.0
NMRAL1,0.0,1.0
HMOX2,1.0,0.0
CDIP1,0.0,1.0
C16orf96,0.0,1.0
UBALD1,0.0,1.0
MGRN1,0.0,1.0
NUDT16L1,1.0,0.0
ANKS3,0.0,1.0
C16orf71,0.0,1.0
ZNF500,0.0,1.0
SEPT12,0.0,1.0
SMIM22,0.0,1.0
ROGDI,1.0,0.0
GLYR1,0.0,1.0
UBN1,0.0,1.0
PPL,0.0,1.0
SEC14L5,0.0,1.0
NAGPA,0.0,1.0
C16orf89,0.0,1.0
ALG1,0.0,1.0
RBFOX1,0.0,1.0
METTL22,0.0,1.0
ABAT,1.0,0.0
TMEM186,0.0,1.0
PMM2,0.0,1.0
CARHSP1,0.0,1.0
USP7,1.0,0.0
C16orf72,0.0,1.0
GRIN2A,0.0,1.0
ATF7IP2,0.0,1.0
EMP2,1.0,0.0
TEKT5,0.0,1.0
NUBP1,0.0,1.0
TVP23A,0.0,1.0
CIITA,0.0,1.0
DEXI,0.0,1.0
CLEC16A,0.0,1.0
SOCS1,1.0,0.0
RMI2,1.0,0.0
LITAF,0.0,1.0
SNN,1.0,0.0
TXNDC11,0.0,1.0
ZC3H7A,0.0,1.0
BCAR4,0.0,1.0
RSL1D1,1.0,0.0
GSPT1,0.0,1.0
TNFRSF17,1.0,0.0
AC007216.2,0.0,1.0
SNX29,0.0,1.0
CPPED1,1.0,0.0
SHISA9,0.0,1.0
U91319.1,0.0,1.0
ERCC4,0.0,1.0
MKL2,1.0,0.0
PARN,0.0,1.0
BFAR,0.0,1.0
PLA2G10,1.0,0.0
NPIPA3,1.0,0.0
NPIPA2,0.0,1.0
NOMO1,1.0,0.0
NPIPA1,0.0,1.0
NTAN1,1.0,0.0
PDXDC1,0.0,1.0
RRN3,1.0,0.0
AC126763.1,0.0,1.0
NPIPA5,1.0,0.0
MPV17L,0.0,1.0
C16orf45,1.0,0.0
NDE1,1.0,0.0
MYH11,0.0,1.0
FOPNL,0.0,1.0
ABCC1,0.0,1.0
ABCC6,0.0,1.0
NOMO3,1.0,0.0
NPIPA7,1.0,0.0
XYLT1,0.0,1.0
NOMO2,0.0,1.0
RPS15A,0.0,1.0
ARL6IP1,0.0,1.0
SMG1,0.0,1.0
AC092287.1,1.0,0.0
TMC7,1.0,0.0
COQ7,1.0,0.0
ITPRIPL2,1.0,0.0
SYT17,1.0,0.0
CLEC19A,0.0,1.0
TMC5,0.0,1.0
GDE1,1.0,0.0
CCP110,1.0,0.0
KNOP1,0.0,1.0
IQCK,0.0,1.0
GPRC5B,0.0,1.0
ACSM5,0.0,1.0
ACSM2A,0.0,1.0
ACSM2B,0.0,1.0
ACSM1,1.0,0.0
ACSM3,0.0,1.0
THUMPD1,1.0,0.0
ERI2,0.0,1.0
DCUN1D3,0.0,1.0
LYRM1,0.0,1.0
DNAH3,0.0,1.0
TMEM159,1.0,0.0
CRYM,0.0,1.0
NPIPB3,1.0,0.0
METTL9,0.0,1.0
IGSF6,0.0,1.0
OTOA,0.0,1.0
NPIPB4,0.0,1.0
UQCRC2,1.0,0.0
VWA3A,0.0,1.0
SDR42E2,0.0,1.0
EEF2K,0.0,1.0
POLR3E,1.0,0.0
CDR2,0.0,1.0
NPIPB5,1.0,0.0
HS3ST2,0.0,1.0
USP31,0.0,1.0
SCNN1G,1.0,0.0
SCNN1B,0.0,1.0
COG7,0.0,1.0
GGA2,0.0,1.0
EARS2,1.0,0.0
UBFD1,0.0,1.0
NDUFAB1,0.0,1.0
PALB2,1.0,0.0
DCTN5,0.0,1.0
PLK1,0.0,1.0
ERN2,0.0,1.0
CHP2,0.0,1.0
PRKCB,0.0,1.0
AC008938.1,0.0,1.0
RBBP6,0.0,1.0
TNRC6A,0.0,1.0
SLC5A11,0.0,1.0
AC008731.1,0.0,1.0
ARHGAP17,1.0,0.0
LCMT1,0.0,1.0
AQP8,0.0,1.0
ZKSCAN2,0.0,1.0
C16orf82,0.0,1.0
KDM8,1.0,0.0
NSMCE1,0.0,1.0
IL4R,0.0,1.0
IL21R-AS1,0.0,1.0
GTF3C1,0.0,1.0
KIAA0556,0.0,1.0
GSG1L,0.0,1.0
PIK3C3,0.0,1.0
LINC00907,1.0,0.0
RIT2,1.0,0.0
SYT4,0.0,1.0
SETBP1,0.0,1.0
SLC14A2,1.0,0.0
SLC14A1,0.0,1.0
SIGLEC15,0.0,1.0
EPG5,0.0,1.0
PSTPIP2,1.0,0.0
HAUS1,0.0,1.0
C18orf25,0.0,1.0
RNF165,0.0,1.0
ST8SIA5,1.0,0.0
PIAS2,0.0,1.0
C19orf57,1.0,0.0
CC2D1A,0.0,1.0
PODNL1,0.0,1.0
DCAF15,0.0,1.0
RFX1,1.0,0.0
IL27RA,0.0,1.0
PALM3,0.0,1.0
C19orf67,0.0,1.0
SAMD1,0.0,1.0
PRKACA,0.0,1.0
ASF1B,0.0,1.0
DDX39A,0.0,1.0
PKN1,0.0,1.0
PTGER1,0.0,1.0
GIPC1,0.0,1.0
DNAJB1,0.0,1.0
TECR,0.0,1.0
NDUFB7,0.0,1.0
ZNF333,1.0,0.0
OR7C1,0.0,1.0
OR7A5,1.0,0.0
OR7A17,0.0,1.0
SLC1A6,0.0,1.0
OR1I1,0.0,1.0
SYDE1,0.0,1.0
ILVBL,1.0,0.0
AC003956.1,1.0,0.0
NOTCH3,0.0,1.0
EPHX3,0.0,1.0
BRD4,0.0,1.0
AKAP8,1.0,0.0
AKAP8L,0.0,1.0
WIZ,0.0,1.0
RASAL3,1.0,0.0
CYP4F8,0.0,1.0
CYP4F3,1.0,0.0
CYP4F12,1.0,0.0
OR10H1,0.0,1.0
UCA1,1.0,0.0
CYP4F11,0.0,1.0
TPM4,0.0,1.0
RAB8A,1.0,0.0
HSH2D,0.0,1.0
CIB3,0.0,1.0
FAM32A,0.0,1.0
AP1M1,0.0,1.0
KLF2,0.0,1.0
EPS15L1,0.0,1.0
CALR3,0.0,1.0
C19orf44,0.0,1.0
CHERP,1.0,0.0
SLC35E1,0.0,1.0
MED26,0.0,1.0
SMIM7,0.0,1.0
TMEM38A,0.0,1.0
NWD1,0.0,1.0
SIN3B,0.0,1.0
F2RL3,1.0,0.0
CPAMD8,0.0,1.0
HAUS8,0.0,1.0
MYO9B,0.0,1.0
USE1,0.0,1.0
OCEL1,0.0,1.0
NR2F6,0.0,1.0
USHBP1,1.0,0.0
BABAM1,0.0,1.0
ANKLE1,0.0,1.0
MRPL34,1.0,0.0
ABHD8,0.0,1.0
DDA1,1.0,0.0
ANO8,1.0,0.0
GTPBP3,0.0,1.0
PLVAP,0.0,1.0
BST2,1.0,0.0
MVB12A,0.0,1.0
TMEM221,1.0,0.0
NXNL1,0.0,1.0
SLC27A1,1.0,0.0
PGLS,1.0,0.0
FAM129C,0.0,1.0
COLGALT1,0.0,1.0
UNC13A,0.0,1.0
MAP1S,0.0,1.0
FCHO1,1.0,0.0
B3GNT3,1.0,0.0
INSL3,0.0,1.0
JAK3,1.0,0.0
RPL18A,0.0,1.0
SLC5A5,1.0,0.0
CCDC124,0.0,1.0
KCNN1,0.0,1.0
ARRDC2,0.0,1.0
IL12RB1,1.0,0.0
MAST3,0.0,1.0
PIK3R2,0.0,1.0
IFI30,0.0,1.0
MPV17L2,0.0,1.0
RAB3A,0.0,1.0
PDE4C,0.0,1.0
JUND,1.0,0.0
LSM4,0.0,1.0
PGPEP1,1.0,0.0
GDF15,1.0,0.0
LRRC25,1.0,0.0
AC008397.1,0.0,1.0
SSBP4,0.0,1.0
ISYNA1,0.0,1.0
ELL,0.0,1.0
FKBP8,0.0,1.0
KXD1,0.0,1.0
UBA52,1.0,0.0
CRLF1,0.0,1.0
TMEM59L,1.0,0.0
KLHL26,0.0,1.0
CRTC1,0.0,1.0
COMP,1.0,0.0
UPF1,0.0,1.0
CERS1,1.0,0.0
COPE,0.0,1.0
DDX49,0.0,1.0
HOMER3,1.0,0.0
SUGP2,1.0,0.0
ARMC6,0.0,1.0
SLC25A42,0.0,1.0
TMEM161A,0.0,1.0
MEF2B,0.0,1.0
RFXANK,0.0,1.0
NR2C2AP,1.0,0.0
NCAN,1.0,0.0
HAPLN4,0.0,1.0
TM6SF2,0.0,1.0
SUGP1,1.0,0.0
MAU2,1.0,0.0
GATAD2A,1.0,0.0
TSSK6,0.0,1.0
NDUFA13,0.0,1.0
YJEFN3,0.0,1.0
CILP2,0.0,1.0
PBX4,0.0,1.0
AC002306.1,1.0,0.0
LPAR2,0.0,1.0
GMIP,0.0,1.0
ATP13A1,1.0,0.0
ZNF101,0.0,1.0
ZNF14,0.0,1.0
LINC00663,1.0,0.0
ZNF506,0.0,1.0
ZNF253,0.0,1.0
ZNF93,0.0,1.0
ZNF682,0.0,1.0
ZNF90,0.0,1.0
ZNF486,0.0,1.0
ZNF737,1.0,0.0
ZNF626,0.0,1.0
ZNF66,1.0,0.0
AC010329.1,0.0,1.0
ZNF85,0.0,1.0
ZNF430,0.0,1.0
ZNF714,1.0,0.0
ZNF431,1.0,0.0
ZNF708,1.0,0.0
ZNF738,0.0,1.0
ZNF493,0.0,1.0
LINC00664,0.0,1.0
ZNF429,1.0,0.0
ZNF100,0.0,1.0
ZNF43,1.0,0.0
ZNF208,1.0,0.0
ZNF257,1.0,0.0
ZNF676,0.0,1.0
ZNF729,0.0,1.0
AC025811.1,0.0,1.0
ZNF98,0.0,1.0
ZNF492,0.0,1.0
ZNF99,1.0,0.0
ZNF723,0.0,1.0
ZNF728,1.0,0.0
ZNF730,0.0,1.0
AC092329.1,0.0,1.0
ZNF91,0.0,1.0
ZNF675,0.0,1.0
ZNF681,1.0,0.0
ZNF726,0.0,1.0
ZNF254,0.0,1.0
LINC00662,1.0,0.0
AC005307.1,1.0,0.0
AC005616.1,0.0,1.0
AC011524.1,1.0,0.0
AC011524.2,0.0,1.0
LINC00906,1.0,0.0
UQCRFS1,1.0,0.0
POP4,0.0,1.0
PLEKHF1,0.0,1.0
C19orf12,0.0,1.0
CCNE1,1.0,0.0
URI1,0.0,1.0
FHIT,1.0,0.0
PTPRG,1.0,0.0
C3orf14,1.0,0.0
CADPS,0.0,1.0
SYNPR,0.0,1.0
SYNPR-AS1,0.0,1.0
SNTN,0.0,1.0
THOC7,0.0,1.0
ATXN7,0.0,1.0
PSMD6-AS2,0.0,1.0
PSMD6,0.0,1.0
PRICKLE2-AS3,0.0,1.0
PRICKLE2,1.0,0.0
ADAMTS9,1.0,0.0
ADAMTS9-AS2,1.0,0.0
MAGI1,1.0,0.0
MAGI1-AS1,0.0,1.0
SLC25A26,0.0,1.0
LRIG1,1.0,0.0
KBTBD8,0.0,1.0
SUCLG2,1.0,0.0
FAM19A1,0.0,1.0
FAM19A4,0.0,1.0
EOGT,0.0,1.0
TMF1,1.0,0.0
UBA3,0.0,1.0
ARL6IP5,0.0,1.0
LMOD3,0.0,1.0
FRMD4B,0.0,1.0
MITF,1.0,0.0
FOXP1,0.0,1.0
FOXP1-AS1,0.0,1.0
EIF4E3,0.0,1.0
GPR27,0.0,1.0
PROK2,1.0,0.0
LINC00877,0.0,1.0
LINC00870,1.0,0.0
RYBP,0.0,1.0
SHQ1,1.0,0.0
GXYLT2,0.0,1.0
PPP4R2,0.0,1.0
EBLN2,0.0,1.0
PDZRN3,0.0,1.0
PDZRN3-AS1,0.0,1.0
CNTN3,0.0,1.0
LINC00960,1.0,0.0
ZNF717,0.0,1.0
ROBO2,1.0,0.0
ROBO1,1.0,0.0
GBE1,0.0,1.0
LINC00971,1.0,0.0
CADM2,1.0,0.0
VGLL3,1.0,0.0
CHMP2B,0.0,1.0
HTR1F,0.0,1.0
CGGBP1,0.0,1.0
ZNF654,0.0,1.0
C3orf38,1.0,0.0
EPHA3,0.0,1.0
CLDND1,0.0,1.0
CPOX,1.0,0.0
ST3GAL6-AS1,1.0,0.0
ST3GAL6,1.0,0.0
DCBLD2,0.0,1.0
LINC00973,0.0,1.0
COL8A1,0.0,1.0
FILIP1L,1.0,0.0
CMSS1,1.0,0.0
TBC1D23,0.0,1.0
NIT2,0.0,1.0
LNP1,0.0,1.0
TMEM45A,0.0,1.0
TFG,0.0,1.0
ABI3BP,0.0,1.0
IMPG2,0.0,1.0
SENP7,1.0,0.0
TRMT10C,1.0,0.0
PCNP,0.0,1.0
ZBTB11,0.0,1.0
ZBTB11-AS1,0.0,1.0
RPL24,0.0,1.0
CEP97,0.0,1.0
NXPE3,0.0,1.0
NFKBIZ,1.0,0.0
ALCAM,0.0,1.0
CBLB,0.0,1.0
LINC00882,0.0,1.0
AC063944.1,0.0,1.0
BBX,0.0,1.0
LINC00635,0.0,1.0
LINC00636,0.0,1.0
CD47,0.0,1.0
IFT57,0.0,1.0
HHLA2,0.0,1.0
MYH15,0.0,1.0
DZIP3,0.0,1.0
RETNLB,1.0,0.0
TRAT1,0.0,1.0
MORC1,1.0,0.0
LINC00488,0.0,1.0
DPPA2,0.0,1.0
DPPA4,0.0,1.0
CD96,1.0,0.0
ZBED2,0.0,1.0
PLCXD2,1.0,0.0
PHLDB2,0.0,1.0
ABHD10,1.0,0.0
TMPRSS7,1.0,0.0
C3orf52,0.0,1.0
GCSAM,1.0,0.0
SLC9C1,1.0,0.0
CD200,0.0,1.0
BTLA,1.0,0.0
ATG3,0.0,1.0
SLC35A5,0.0,1.0
CCDC80,0.0,1.0
CD200R1,0.0,1.0
GTPBP8,1.0,0.0
AC078785.1,0.0,1.0
BOC,0.0,1.0
SPICE1,0.0,1.0
SIDT1,0.0,1.0
SIDT1-AS1,0.0,1.0
NAA50,1.0,0.0
ATP6V1A,0.0,1.0
GRAMD1C,1.0,0.0
ZDHHC23,1.0,0.0
ZNF80,0.0,1.0
TIGIT,0.0,1.0
ZBTB20-AS2,1.0,0.0
ZBTB20,0.0,1.0
ZBTB20-AS4,1.0,0.0
LSAMP,0.0,1.0
IGSF11,0.0,1.0
UPK1B,0.0,1.0
B4GALT4,1.0,0.0
ARHGAP31,0.0,1.0
TMEM39A,0.0,1.0
POGLUT1,0.0,1.0
TIMMDC1,0.0,1.0
ADPRH,1.0,0.0
PLA1A,0.0,1.0
POPDC2,0.0,1.0
COX17,0.0,1.0
MAATS1,0.0,1.0
NR1I2,1.0,0.0
GSK3B,0.0,1.0
GPR156,0.0,1.0
LRRC58,1.0,0.0
FSTL1,0.0,1.0
NDUFB4,1.0,0.0
HGD,0.0,1.0
RABL3,0.0,1.0
GTF2E1,1.0,0.0
POLQ,1.0,0.0
HCLS1,1.0,0.0
GOLGB1,0.0,1.0
IQCB1,1.0,0.0
EAF2,0.0,1.0
SLC15A2,0.0,1.0
ILDR1,0.0,1.0
CD86,0.0,1.0
CSTA,0.0,1.0
CCDC58,0.0,1.0
FAM162A,1.0,0.0
WDR5B,0.0,1.0
KPNA1,0.0,1.0
PARP9,0.0,1.0
DTX3L,0.0,1.0
PARP15,0.0,1.0
PARP14,0.0,1.0
HSPBAP1,1.0,0.0
DIRC2,1.0,0.0
SEMA5B,1.0,0.0
PDIA5,0.0,1.0
SEC22A,0.0,1.0
ADCY5,0.0,1.0
MYLK-AS1,1.0,0.0
MYLK,0.0,1.0
CCDC14,0.0,1.0
KALRN,0.0,1.0
UMPS,0.0,1.0
ITGB5,0.0,1.0
MUC13,0.0,1.0
HEG1,1.0,0.0
SLC12A8,1.0,0.0
ZNF148,0.0,1.0
SNX4,0.0,1.0
OSBPL11,0.0,1.0
ALG1L,0.0,1.0
ROPN1B,0.0,1.0
SLC41A3,0.0,1.0
ALDH1L1-AS1,0.0,1.0
ALDH1L1,0.0,1.0
KLF15,0.0,1.0
ZXDC,0.0,1.0
UROC1,0.0,1.0
TXNRD3,0.0,1.0
CHCHD6,0.0,1.0
PLXNA1,0.0,1.0
TPRA1,1.0,0.0
MCM2,0.0,1.0
PODXL2,0.0,1.0
ABTB1,0.0,1.0
MGLL,0.0,1.0
KBTBD12,1.0,0.0
SEC61A1,0.0,1.0
RUVBL1,0.0,1.0
EEFSEC,0.0,1.0
GATA2,0.0,1.0
RPN1,0.0,1.0
RAB7A,0.0,1.0
ACAD9,0.0,1.0
KIAA1257,0.0,1.0
EFCC1,0.0,1.0
RAB43,1.0,0.0
ISY1,0.0,1.0
CNBP,0.0,1.0
COPG1,0.0,1.0
HMCES,1.0,0.0
H1FX,1.0,0.0
H1FX-AS1,1.0,0.0
EFCAB12,0.0,1.0
MBD4,0.0,1.0
IFT122,0.0,1.0
RHO,0.0,1.0
PLXND1,1.0,0.0
TMCC1,0.0,1.0
TMCC1-AS1,0.0,1.0
TRH,0.0,1.0
ALG1L2,0.0,1.0
COL6A6,0.0,1.0
PIK3R4,1.0,0.0
ATP2C1,1.0,0.0
ASTE1,0.0,1.0
NEK11,0.0,1.0
NUDT16,0.0,1.0
MRPL3,0.0,1.0
CPNE4,0.0,1.0
ACPP,1.0,0.0
DNAJC13,1.0,0.0
ACKR4,1.0,0.0
ACAD11,0.0,1.0
NPHP3,0.0,1.0
UBA5,0.0,1.0
NPHP3-AS1,0.0,1.0
TMEM108,0.0,1.0
BFSP2,0.0,1.0
BFSP2-AS1,0.0,1.0
CDV3,1.0,0.0
TOPBP1,1.0,0.0
TF,1.0,0.0
SRPRB,1.0,0.0
RAB6B,1.0,0.0
C3orf36,1.0,0.0
SLCO2A1,0.0,1.0
RYK,0.0,1.0
AMOTL2,1.0,0.0
AC010207.1,0.0,1.0
ANAPC13,0.0,1.0
CEP63,0.0,1.0
EPHB1,1.0,0.0
PPP2R3A,0.0,1.0
MSL2,0.0,1.0
PCCB,0.0,1.0
STAG1,0.0,1.0
SLC35G2,1.0,0.0
NCK1,1.0,0.0
IL20RB,0.0,1.0
SOX14,0.0,1.0
CLDN18,1.0,0.0
DZIP1L,0.0,1.0
DBR1,1.0,0.0
ARMC8,0.0,1.0
NME9,0.0,1.0
MRAS,0.0,1.0
ESYT3,0.0,1.0
CEP70,0.0,1.0
FAIM,0.0,1.0
PIK3CB,1.0,0.0
FOXL2,0.0,1.0
PRR23C,0.0,1.0
BPESC1,0.0,1.0
MRPS22,1.0,0.0
COPB2,0.0,1.0
RBP2,0.0,1.0
AC097103.1,0.0,1.0
RBP1,0.0,1.0
NMNAT3,0.0,1.0
CLSTN2,0.0,1.0
CLSTN2-AS1,1.0,0.0
SLC25A36,0.0,1.0
SPSB4,0.0,1.0
ZBTB38,0.0,1.0
RASA2,1.0,0.0
RNF7,1.0,0.0
GRK7,0.0,1.0
ATP1B3,0.0,1.0
ATP1B3-AS1,1.0,0.0
TFDP2,1.0,0.0
GK5,0.0,1.0
XRN1,1.0,0.0
ATR,1.0,0.0
PLS1,1.0,0.0
TRPC1,1.0,0.0
PCOLCE2,0.0,1.0
PAQR9,0.0,1.0
U2SURP,1.0,0.0
CHST2,0.0,1.0
SLC9A9,1.0,0.0
C3orf58,1.0,0.0
PLOD2,0.0,1.0
PLSCR4,0.0,1.0
PLSCR2,0.0,1.0
PLSCR1,0.0,1.0
CPB1,0.0,1.0
GYG1,0.0,1.0
HLTF,0.0,1.0
HPS3,0.0,1.0
CP,1.0,0.0
TM4SF18,1.0,0.0
TM4SF1,0.0,1.0
TM4SF1-AS1,1.0,0.0
TM4SF4,1.0,0.0
WWTR1,0.0,1.0
WWTR1-AS1,0.0,1.0
COMMD2,0.0,1.0
ANKUB1,0.0,1.0
RNF13,1.0,0.0
AC117395.1,0.0,1.0
PFN2,0.0,1.0
TSC22D2,0.0,1.0
EIF2A,1.0,0.0
SERP1,0.0,1.0
SIAH2,0.0,1.0
SIAH2-AS1,0.0,1.0
GPR171,1.0,0.0
MED12L,0.0,1.0
GPR87,1.0,0.0
IGSF10,0.0,1.0
AADAC,0.0,1.0
SUCNR1,0.0,1.0
MBNL1-AS1,0.0,1.0
MBNL1,0.0,1.0
P2RY1,1.0,0.0
RAP2B,1.0,0.0
ARHGEF26,0.0,1.0
DHX36,0.0,1.0
MME,0.0,1.0
PLCH1,0.0,1.0
C3orf33,0.0,1.0
SLC33A1,0.0,1.0
GMPS,0.0,1.0
KCNAB1,0.0,1.0
SSR3,1.0,0.0
TIPARP-AS1,1.0,0.0
TIPARP,1.0,0.0
LINC00886,1.0,0.0
LEKR1,0.0,1.0
LINC00880,0.0,1.0
CCNL1,0.0,1.0
VEPH1,1.0,0.0
PTX3,0.0,1.0
SHOX2,1.0,0.0
RSRC1,0.0,1.0
MLF1,0.0,1.0
LXN,0.0,1.0
GFM1,1.0,0.0
RARRES1,0.0,1.0
MFSD1,0.0,1.0
IQCJ,0.0,1.0
IQCJ-SCHIP1,1.0,0.0
IQCJ-SCHIP1-AS1,1.0,0.0
SCHIP1,0.0,1.0
IL12A,1.0,0.0
IL12A-AS1,0.0,1.0
C3orf80,0.0,1.0
IFT80,1.0,0.0
SMC4,0.0,1.0
TRIM59,0.0,1.0
KPNA4,0.0,1.0
ARL14,0.0,1.0
PPM1L,1.0,0.0
B3GALNT1,0.0,1.0
NMD3,1.0,0.0
SPTSSB,0.0,1.0
BCHE,0.0,1.0
ZBBX,0.0,1.0
SERPINI2,0.0,1.0
WDR49,0.0,1.0
PDCD10,1.0,0.0
SERPINI1,0.0,1.0
GOLIM4,0.0,1.0
MECOM,0.0,1.0
TERC,1.0,0.0
ACTRT3,0.0,1.0
MYNN,0.0,1.0
LRRC34,0.0,1.0
SEC62-AS1,0.0,1.0
SEC62,0.0,1.0
GPR160,0.0,1.0
PHC3,0.0,1.0
PRKCI,0.0,1.0
SKIL,0.0,1.0
SLC7A14,0.0,1.0
CLDN11,1.0,0.0
RPL22L1,0.0,1.0
EIF5A2,0.0,1.0
TNIK,0.0,1.0
PLD1,0.0,1.0
TMEM212,0.0,1.0
FNDC3B,0.0,1.0
TNFSF10,0.0,1.0
NCEH1,0.0,1.0
ECT2,1.0,0.0
NLGN1,1.0,0.0
NAALADL2,0.0,1.0
TBL1XR1,1.0,0.0
LINC00501,1.0,0.0
LINC00578,0.0,1.0
KCNMB2,0.0,1.0
ZMAT3,0.0,1.0
PIK3CA,0.0,1.0
KCNMB3,0.0,1.0
ZNF639,0.0,1.0
MFN1,0.0,1.0
AC007620.3,0.0,1.0
GNB4,0.0,1.0
ACTL6A,0.0,1.0
MRPL47,0.0,1.0
NDUFB5,0.0,1.0
AC090425.1,0.0,1.0
USP13,1.0,0.0
PEX5L,0.0,1.0
TTC14,0.0,1.0
FXR1,0.0,1.0
DNAJC19,0.0,1.0
SOX2,0.0,1.0
ATP11B,1.0,0.0
DCUN1D1,1.0,0.0
MCCC1-AS1,1.0,0.0
MCCC1,1.0,0.0
LAMP3,0.0,1.0
B3GNT5,1.0,0.0
MCF2L2,1.0,0.0
KLHL6,0.0,1.0
KLHL24,0.0,1.0
YEATS2,0.0,1.0
AC131160.1,0.0,1.0
YEATS2-AS1,0.0,1.0
PARL,0.0,1.0
ABCC5,1.0,0.0
HTR3D,0.0,1.0
HTR3E-AS1,0.0,1.0
HTR3E,0.0,1.0
DVL3,0.0,1.0
AP2M1,0.0,1.0
ABCF3,0.0,1.0
VWA5B2,0.0,1.0
ALG3,0.0,1.0
CAMK2N2,1.0,0.0
PSMD2,0.0,1.0
EIF4G1,0.0,1.0
FAM131A,0.0,1.0
CLCN2,1.0,0.0
POLR2H,1.0,0.0
CHRD,0.0,1.0
EIF2B5,1.0,0.0
EPHB3,0.0,1.0
MAGEF1,0.0,1.0
VPS8,1.0,0.0
C3orf70,0.0,1.0
EHHADH,1.0,0.0
MAP3K13,1.0,0.0
TMEM41A,1.0,0.0
LIPH,0.0,1.0
SENP2,0.0,1.0
IGF2BP2,0.0,1.0
TRA2B,1.0,0.0
ETV5,1.0,0.0
DGKG,0.0,1.0
CRYGS,0.0,1.0
TBCCD1,0.0,1.0
DNAJB11,0.0,1.0
AHSG,0.0,1.0
HRG,0.0,1.0
EIF4A2,1.0,0.0
RFC4,0.0,1.0
ADIPOQ,0.0,1.0
ADIPOQ-AS1,1.0,0.0
ST6GAL1,0.0,1.0
RPL39L,0.0,1.0
RTP1,0.0,1.0
MASP1,1.0,0.0
RTP4,1.0,0.0
SST,0.0,1.0
BCL6,0.0,1.0
LPP-AS2,1.0,0.0
LPP,0.0,1.0
TPRG1-AS1,1.0,0.0
TPRG1,1.0,0.0
TP63,0.0,1.0
CLDN1,0.0,1.0
CLDN16,1.0,0.0
IL1RAP,0.0,1.0
GMNC,0.0,1.0
OSTN-AS1,1.0,0.0
OSTN,1.0,0.0
UTS2B,0.0,1.0
CCDC50,0.0,1.0
FGF12,1.0,0.0
FGF12-AS3,0.0,1.0
MB21D2,0.0,1.0
HRASLS,0.0,1.0
ATP13A5-AS1,0.0,1.0
ATP13A4,1.0,0.0
OPA1-AS1,0.0,1.0
OPA1,1.0,0.0
HES1,0.0,1.0
LINC00887,1.0,0.0
GP5,0.0,1.0
ATP13A3,1.0,0.0
LINC00884,0.0,1.0
TMEM44-AS1,0.0,1.0
TMEM44,0.0,1.0
AC046143.2,0.0,1.0
LSG1,1.0,0.0
AC046143.1,0.0,1.0
FAM43A,1.0,0.0
XXYLT1-AS2,1.0,0.0
XXYLT1,0.0,1.0
ACAP2,0.0,1.0
PPP1R2,0.0,1.0
APOD,0.0,1.0
AC069213.1,0.0,1.0
MUC20,0.0,1.0
MUC4,0.0,1.0
TNK2,0.0,1.0
TNK2-AS1,1.0,0.0
TFRC,0.0,1.0
LINC00885,1.0,0.0
ZDHHC19,1.0,0.0
SLC51A,1.0,0.0
PCYT1A,0.0,1.0
TCTEX1D2,1.0,0.0
TM4SF19-AS1,1.0,0.0
TM4SF19,1.0,0.0
UBXN7,0.0,1.0
UBXN7-AS1,0.0,1.0
AC117490.2,0.0,1.0
RNF168,0.0,1.0
WDR53,0.0,1.0
FBXO45,0.0,1.0
LINC01063,0.0,1.0
NRROS,0.0,1.0
PIGX,0.0,1.0
CEP19,1.0,0.0
PAK2,0.0,1.0
SENP5,0.0,1.0
NCBP2,1.0,0.0
NCBP2-AS1,0.0,1.0
NCBP2-AS2,0.0,1.0
PIGZ,0.0,1.0
DLG1,0.0,1.0
DLG1-AS1,0.0,1.0
AC128709.1,0.0,1.0
BDH1,0.0,1.0
AC024560.3,0.0,1.0
FYTTD1,0.0,1.0
AC055764.1,0.0,1.0
LRCH3,1.0,0.0
IQCG,1.0,0.0
RPL35A,1.0,0.0
LMLN,0.0,1.0
MTTP,0.0,1.0
DAPP1,0.0,1.0
LAMTOR3,0.0,1.0
DNAJB14,0.0,1.0
H2AFZ,0.0,1.0
DDIT4L,0.0,1.0
EMCN,0.0,1.0
PPP3CA,1.0,0.0
AP001816.1,1.0,0.0
BANK1,0.0,1.0
SLC39A8,1.0,0.0
NFKB1,1.0,0.0
AF213884.3,0.0,1.0
MANBA,0.0,1.0
UBE2D3,0.0,1.0
CISD2,0.0,1.0
SLC9B1,0.0,1.0
SLC9B2,0.0,1.0
BDH2,0.0,1.0
CENPE,0.0,1.0
CXXC4,1.0,0.0
AC004069.1,1.0,0.0
TET2,1.0,0.0
PPA2,1.0,0.0
ARHGEF38,0.0,1.0
GSTCD,0.0,1.0
INTS12,0.0,1.0
NPNT,0.0,1.0
TBCK,1.0,0.0
AIMP1,0.0,1.0
DKK2,0.0,1.0
PAPSS1,0.0,1.0
SGMS2,0.0,1.0
CYP2U1,0.0,1.0
HADH,0.0,1.0
LEF1,0.0,1.0
RPL34-AS1,0.0,1.0
RPL34,1.0,0.0
OSTC,0.0,1.0
ETNPPL,1.0,0.0
COL25A1,0.0,1.0
SEC24B-AS1,1.0,0.0
SEC24B,0.0,1.0
CASP6,0.0,1.0
PLA2G12A,0.0,1.0
CFI,1.0,0.0
GAR1,0.0,1.0
RRH,0.0,1.0
LRIT3,1.0,0.0
EGF,1.0,0.0
ELOVL6,0.0,1.0
ENPEP,0.0,1.0
PITX2,0.0,1.0
AP1AR,0.0,1.0
TIFA,1.0,0.0
ALPK1,0.0,1.0
LARP7,0.0,1.0
ANK2,0.0,1.0
CAMK2D,0.0,1.0
ARSJ,0.0,1.0
UGT8,1.0,0.0
TRAM1L1,1.0,0.0
NDST3,0.0,1.0
SNHG8,0.0,1.0
PRSS12,0.0,1.0
METTL14,0.0,1.0
SEC24D,0.0,1.0
SYNPO2,0.0,1.0
MYOZ2,1.0,0.0
USP53,1.0,0.0
C4orf3,1.0,0.0
PDE5A,0.0,1.0
MAD2L1,0.0,1.0
PRDM5,0.0,1.0
NDNF,0.0,1.0
TNIP3,1.0,0.0
QRFPR,1.0,0.0
ANXA5,1.0,0.0
TMEM155,0.0,1.0
AC079341.1,0.0,1.0
EXOSC9,0.0,1.0
CCNA2,0.0,1.0
BBS7,0.0,1.0
TRPC3,0.0,1.0
KIAA1109,1.0,0.0
BBS12,1.0,0.0
FGF2,1.0,0.0
NUDT6,0.0,1.0
SPATA5,0.0,1.0
SPRY1,0.0,1.0
LINC01091,0.0,1.0
ANKRD50,1.0,0.0
FAT4,0.0,1.0
INTU,1.0,0.0
SLC25A31,0.0,1.0
HSPA4L,0.0,1.0
PLK4,0.0,1.0
MFSD8,0.0,1.0
LARP1B,0.0,1.0
PGRMC2,0.0,1.0
JADE1,0.0,1.0
SCLT1,0.0,1.0
C4orf33,0.0,1.0
PCDH10,0.0,1.0
PABPC4L,0.0,1.0
PCDH18,0.0,1.0
SLC7A11,0.0,1.0
LINC00500,0.0,1.0
ELF2,0.0,1.0
MGARP,0.0,1.0
NDUFC1,0.0,1.0
NAA15,0.0,1.0
RAB33B,0.0,1.0
SETD7,0.0,1.0
MGST2,0.0,1.0
MAML3,0.0,1.0
SCOC,1.0,0.0
CLGN,1.0,0.0
ELMOD2,0.0,1.0
UCP1,0.0,1.0
TBC1D9,0.0,1.0
RNF150,0.0,1.0
ZNF330,1.0,0.0
IL15,1.0,0.0
INPP4B,0.0,1.0
USP38,0.0,1.0
GAB1,1.0,0.0
SMARCA5-AS1,0.0,1.0
SMARCA5,1.0,0.0
FREM3,0.0,1.0
GYPB,0.0,1.0
GYPA,1.0,0.0
HHIP-AS1,0.0,1.0
HHIP,1.0,0.0
ANAPC10,0.0,1.0
ABCE1,0.0,1.0
OTUD4,0.0,1.0
SMAD1-AS2,0.0,1.0
SMAD1-AS1,1.0,0.0
SMAD1,1.0,0.0
MMAA,0.0,1.0
C4orf51,0.0,1.0
ZNF827,1.0,0.0
LSM6,1.0,0.0
SLC10A7,0.0,1.0
TTC29,0.0,1.0
EDNRA,0.0,1.0
TMEM184C,0.0,1.0
ARHGAP10,1.0,0.0
NR3C2,0.0,1.0
DCLK2,0.0,1.0
MAB21L2,0.0,1.0
AC110813.1,0.0,1.0
LRBA,0.0,1.0
RPS3A,0.0,1.0
SH3D19,1.0,0.0
PRSS48,1.0,0.0
FAM160A1,0.0,1.0
FBXW7,0.0,1.0
PIK3R1,0.0,1.0
SLC30A5,0.0,1.0
CCNB1,0.0,1.0
CENPH,0.0,1.0
MRPS36,0.0,1.0
CDK7,0.0,1.0
CCDC125,0.0,1.0
TAF9,0.0,1.0
RAD17,0.0,1.0
MARVELD2,0.0,1.0
OCLN,0.0,1.0
GTF2H2C,0.0,1.0
SERF1B,1.0,0.0
SMN2,0.0,1.0
SERF1A,0.0,1.0
SMN1,0.0,1.0
NAIP,1.0,0.0
GTF2H2,0.0,1.0
AC145141.2,0.0,1.0
BDP1,1.0,0.0
MCCC2,1.0,0.0
CARTPT,0.0,1.0
MAP1B,0.0,1.0
MRPS27,0.0,1.0
PTCD2,0.0,1.0
ZNF366,1.0,0.0
TNPO1,0.0,1.0
FCHO2,0.0,1.0
TMEM171,0.0,1.0
BTF3,0.0,1.0
AC099522.2,0.0,1.0
ANKRA2,0.0,1.0
UTP15,1.0,0.0
ARHGEF28,0.0,1.0
ENC1,0.0,1.0
HEXB,0.0,1.0
GFM2,1.0,0.0
NSA2,0.0,1.0
FAM169A,0.0,1.0
GCNT4,1.0,0.0
ANKRD31,1.0,0.0
HMGCR,0.0,1.0
COL4A3BP,0.0,1.0
POLK,0.0,1.0
ANKDD1B,0.0,1.0
POC5,1.0,0.0
SV2C,0.0,1.0
IQGAP2,1.0,0.0
F2RL2,1.0,0.0
F2R,1.0,0.0
F2RL1,0.0,1.0
AGGF1,0.0,1.0
ZBED3,0.0,1.0
ZBED3-AS1,0.0,1.0
PDE8B,1.0,0.0
WDR41,0.0,1.0
OTP,0.0,1.0
TBCA,0.0,1.0
AP3B1,0.0,1.0
SCAMP1,0.0,1.0
LHFPL2,0.0,1.0
ARSB,1.0,0.0
BHMT2,0.0,1.0
DMGDH,0.0,1.0
BHMT,0.0,1.0
JMY,0.0,1.0
HOMER1,0.0,1.0
CMYA5,0.0,1.0
MTX3,0.0,1.0
THBS4,1.0,0.0
SERINC5,1.0,0.0
ZFYVE16,0.0,1.0
FAM151B,0.0,1.0
ANKRD34B,0.0,1.0
DHFR,0.0,1.0
MSH3,0.0,1.0
RASGRF2,1.0,0.0
CKMT2,0.0,1.0
CKMT2-AS1,1.0,0.0
ZCCHC9,0.0,1.0
SSBP2,0.0,1.0
ATG10,0.0,1.0
RPS23,0.0,1.0
ATP6AP1L,0.0,1.0
TMEM167A,0.0,1.0
XRCC4,0.0,1.0
VCAN,1.0,0.0
HAPLN1,0.0,1.0
EDIL3,0.0,1.0
AC010595.1,0.0,1.0
COX7C,0.0,1.0
RASA1,0.0,1.0
CCNH,1.0,0.0
TMEM161B,0.0,1.0
TMEM161B-AS1,0.0,1.0
LINC00461,0.0,1.0
MEF2C,0.0,1.0
MEF2C-AS1,1.0,0.0
CETN3,0.0,1.0
MBLAC2,0.0,1.0
POLR3G,0.0,1.0
LYSMD3,1.0,0.0
LUCAT1,0.0,1.0
ARRDC3,0.0,1.0
NR2F1-AS1,0.0,1.0
NR2F1,1.0,0.0
POU5F2,0.0,1.0
FAM172A,0.0,1.0
KIAA0825,0.0,1.0
MCTP1,1.0,0.0
FAM81B,0.0,1.0
TTC37,0.0,1.0
ARSK,1.0,0.0
GPR150,1.0,0.0
RFESD,0.0,1.0
SPATA9,0.0,1.0
RHOBTB3,1.0,0.0
GLRX,1.0,0.0
ELL2,0.0,1.0
PCSK1,1.0,0.0
CAST,0.0,1.0
ERAP1,0.0,1.0
ERAP2,0.0,1.0
LNPEP,0.0,1.0
LIX1,0.0,1.0
RIOK2,1.0,0.0
RGMB-AS1,0.0,1.0
RGMB,0.0,1.0
CHD1,0.0,1.0
FAM174A,0.0,1.0
ST8SIA4,0.0,1.0
SLCO4C1,1.0,0.0
SLCO6A1,1.0,0.0
LINC00491,0.0,1.0
PAM,0.0,1.0
GIN1,0.0,1.0
PPIP5K2,0.0,1.0
C5orf30,0.0,1.0
NUDT12,0.0,1.0
EFNA5,1.0,0.0
FBXL17,1.0,0.0
LINC01023,1.0,0.0
FER,0.0,1.0
PJA2,0.0,1.0
AC012603.1,0.0,1.0
MAN2A1,0.0,1.0
TMEM232,0.0,1.0
SLC25A46,0.0,1.0
WDR36,0.0,1.0
CAMK4,0.0,1.0
STARD4,0.0,1.0
STARD4-AS1,0.0,1.0
NREP,1.0,0.0
EPB41L4A-AS1,1.0,0.0
EPB41L4A,1.0,0.0
APC,0.0,1.0
SRP19,0.0,1.0
REEP5,1.0,0.0
DCP2,0.0,1.0
MCC,0.0,1.0
TSSK1B,1.0,0.0
YTHDC2,1.0,0.0
KCNN2,0.0,1.0
TRIM36,1.0,0.0
PGGT1B,1.0,0.0
CCDC112,0.0,1.0
FEM1C,0.0,1.0
TMED7-TICAM2,1.0,0.0
TICAM2,0.0,1.0
TMED7,0.0,1.0
CDO1,0.0,1.0
ATG12,1.0,0.0
AP3S1,0.0,1.0
AC034236.2,0.0,1.0
COMMD10,0.0,1.0
SEMA6A,1.0,0.0
LINC00992,0.0,1.0
DTWD2,0.0,1.0
DMXL1,0.0,1.0
TNFAIP8,0.0,1.0
HSD17B4,0.0,1.0
PRR16,1.0,0.0
SRFBP1,1.0,0.0
LOX,0.0,1.0
ZNF474,1.0,0.0
SNCAIP,1.0,0.0
SNX2,1.0,0.0
SNX24,1.0,0.0
PPIC,1.0,0.0
PRDM6,0.0,1.0
CEP120,0.0,1.0
CSNK1G3,0.0,1.0
LINC01170,0.0,1.0
ZNF608,1.0,0.0
ALDH7A1,0.0,1.0
PHAX,0.0,1.0
LMNB1,1.0,0.0
MARCH3,0.0,1.0
C5orf63,1.0,0.0
MEGF10,0.0,1.0
PRRC1,0.0,1.0
SLC12A2,0.0,1.0
FBN2,0.0,1.0
SLC27A6,0.0,1.0
ISOC1,0.0,1.0
KIAA1024L,0.0,1.0
CHSY3,1.0,0.0
HINT1,0.0,1.0
LYRM7,0.0,1.0
CDC42SE2,0.0,1.0
RAPGEF6,1.0,0.0
FNIP1,0.0,1.0
ACSL6,0.0,1.0
P4HA2,1.0,0.0
PDLIM4,1.0,0.0
SLC22A4,1.0,0.0
SLC22A5,0.0,1.0
IRF1,0.0,1.0
IL5,0.0,1.0
RAD50,1.0,0.0
IL13,0.0,1.0
IL4,0.0,1.0
KIF3A,1.0,0.0
CCNI2,0.0,1.0
SEPT8,0.0,1.0
SOWAHA,0.0,1.0
SHROOM1,1.0,0.0
GDF9,0.0,1.0
UQCRQ,0.0,1.0
LEAP2,0.0,1.0
AFF4,1.0,0.0
AC010240.3,0.0,1.0
ZCCHC10,0.0,1.0
HSPA4,0.0,1.0
FSTL4,0.0,1.0
C5orf15,1.0,0.0
VDAC1,0.0,1.0
TCF7,0.0,1.0
SKP1,1.0,0.0
PPP2CA,0.0,1.0
CDKL3,0.0,1.0
UBE2B,0.0,1.0
CDKN2AIPNL,0.0,1.0
JADE2,0.0,1.0
SAR1B,1.0,0.0
SEC24A,0.0,1.0
CAMLG,1.0,0.0
DDX46,0.0,1.0
C5orf24,1.0,0.0
TXNDC15,0.0,1.0
PCBD2,0.0,1.0
CATSPER3,0.0,1.0
PITX1,1.0,0.0
C5orf66,0.0,1.0
H2AFY,1.0,0.0
TIFAB,0.0,1.0
CXCL14,1.0,0.0
SLC25A48,0.0,1.0
TGFBI,0.0,1.0
SMAD5-AS1,0.0,1.0
SMAD5,1.0,0.0
SPOCK1,0.0,1.0
KLHL3,0.0,1.0
HNRNPA0,0.0,1.0
PKD2L2,0.0,1.0
FAM13B,1.0,0.0
NME5,0.0,1.0
BRD8,0.0,1.0
KIF20A,1.0,0.0
CDC23,0.0,1.0
GFRA3,0.0,1.0
CDC25C,0.0,1.0
FAM53C,0.0,1.0
KDM3B,0.0,1.0
REEP2,0.0,1.0
EGR1,0.0,1.0
ETF1,1.0,0.0
HSPA9,0.0,1.0
AC034243.1,0.0,1.0
CTNNA1,1.0,0.0
LRRTM2,1.0,0.0
SIL1,0.0,1.0
MATR3,0.0,1.0
PAIP2,0.0,1.0
SLC23A1,0.0,1.0
MZB1,0.0,1.0
PROB1,0.0,1.0
SPATA24,0.0,1.0
DNAJC18,0.0,1.0
ECSCR,0.0,1.0
TMEM173,0.0,1.0
UBE2D2,0.0,1.0
CXXC5,1.0,0.0
PSD2,0.0,1.0
NRG2,1.0,0.0
PURA,0.0,1.0
IGIP,0.0,1.0
CYSTM1,1.0,0.0
PFDN1,0.0,1.0
HBEGF,0.0,1.0
SLC4A9,0.0,1.0
ANKHD1,0.0,1.0
ANKHD1-EIF4EBP3,1.0,0.0
SRA1,1.0,0.0
EIF4EBP3,1.0,0.0
SLC35A4,0.0,1.0
APBB3,0.0,1.0
CD14,0.0,1.0
TMCO6,0.0,1.0
NDUFA2,1.0,0.0
IK,1.0,0.0
WDR55,0.0,1.0
DND1,0.0,1.0
HARS,0.0,1.0
HARS2,0.0,1.0
ZMAT2,1.0,0.0
PCDHA1,0.0,1.0
PCDHA2,0.0,1.0
PCDHA3,0.0,1.0
PCDHA4,1.0,0.0
PCDHA5,0.0,1.0
PCDHA6,0.0,1.0
PCDHA7,0.0,1.0
PCDHA8,1.0,0.0
PCDHA9,0.0,1.0
PCDHA10,0.0,1.0
PCDHA11,0.0,1.0
PCDHA12,1.0,0.0
PCDHA13,0.0,1.0
PCDHAC1,0.0,1.0
PCDHAC2,0.0,1.0
PCDHB1,0.0,1.0
PCDHB2,0.0,1.0
PCDHB3,0.0,1.0
PCDHB4,0.0,1.0
PCDHB5,0.0,1.0
PCDHB6,0.0,1.0
PCDHB7,0.0,1.0
PCDHB16,0.0,1.0
PCDHB9,0.0,1.0
PCDHB10,0.0,1.0
PCDHB11,1.0,0.0
PCDHB12,1.0,0.0
PCDHB13,0.0,1.0
PCDHB14,1.0,0.0
PCDHB15,0.0,1.0
SLC25A2,0.0,1.0
TAF7,1.0,0.0
AC005618.1,0.0,1.0
PCDHGA1,0.0,1.0
PCDHGA2,0.0,1.0
PCDHGA3,0.0,1.0
PCDHGB1,0.0,1.0
PCDHGA4,1.0,0.0
PCDHGB2,0.0,1.0
PCDHGA5,0.0,1.0
PCDHGB3,0.0,1.0
PCDHGA6,1.0,0.0
PCDHGA7,1.0,0.0
PCDHGB4,1.0,0.0
PCDHGA8,0.0,1.0
PCDHGA9,0.0,1.0
PCDHGB6,0.0,1.0
PCDHGA10,0.0,1.0
PCDHGB7,0.0,1.0
PCDHGA11,0.0,1.0
PCDHGA12,0.0,1.0
PCDHGC3,0.0,1.0
PCDHGC4,1.0,0.0
PCDHGC5,0.0,1.0
DIAPH1,1.0,0.0
HDAC3,1.0,0.0
RELL2,1.0,0.0
FCHSD1,0.0,1.0
ARAP3,1.0,0.0
PCDH1,0.0,1.0
PCDH12,1.0,0.0
RNF14,1.0,0.0
GNPDA1,0.0,1.0
AC005740.4,0.0,1.0
NDFIP1,0.0,1.0
SPRY4,0.0,1.0
FGF1,0.0,1.0
AC005592.1,0.0,1.0
ARHGAP26-AS1,0.0,1.0
ARHGAP26,0.0,1.0
NR3C1,1.0,0.0
HMHB1,0.0,1.0
YIPF5,0.0,1.0
KCTD16,0.0,1.0
AC132803.1,0.0,1.0
PRELID2,0.0,1.0
GRXCR2,0.0,1.0
SH3RF2,0.0,1.0
PLAC8L1,0.0,1.0
LARS,0.0,1.0
RBM27,0.0,1.0
POU4F3,0.0,1.0
TCERG1,0.0,1.0
GPR151,0.0,1.0
PPP2R2B,0.0,1.0
STK32A,1.0,0.0
DPYSL3,1.0,0.0
JAKMIP2,0.0,1.0
SPINK1,1.0,0.0
C5orf46,0.0,1.0
SPINK5,0.0,1.0
FOXC1,0.0,1.0
GMDS,0.0,1.0
AL031768.1,1.0,0.0
MYLK4,0.0,1.0
WRNIP1,0.0,1.0
SERPINB1,1.0,0.0
SERPINB9,1.0,0.0
SERPINB6,0.0,1.0
LINC01011,1.0,0.0
NQO2,0.0,1.0
RIPK1,0.0,1.0
BPHL,1.0,0.0
TUBB2A,1.0,0.0
TUBB2B,0.0,1.0
PSMG4,0.0,1.0
SLC22A23,0.0,1.0
PXDC1,0.0,1.0
FAM50B,0.0,1.0
PRPF4B,1.0,0.0
ECI2,0.0,1.0
CDYL,0.0,1.0
RPP40,1.0,0.0
PPP1R3G,0.0,1.0
LYRM4,1.0,0.0
FARS2,0.0,1.0
NRN1,1.0,0.0
F13A1,0.0,1.0
LY86-AS1,0.0,1.0
LY86,1.0,0.0
RREB1,1.0,0.0
SSR1,0.0,1.0
CAGE1,1.0,0.0
RIOK1,1.0,0.0
DSP,1.0,0.0
SNRNP48,0.0,1.0
BMP6,0.0,1.0
TXNDC5,1.0,0.0
BLOC1S5,0.0,1.0
EEF1E1,0.0,1.0
SLC35B3,0.0,1.0
TFAP2A,0.0,1.0
TFAP2A-AS1,1.0,0.0
LINC00518,0.0,1.0
GCNT2,0.0,1.0
C6orf52,0.0,1.0
PAK1IP1,1.0,0.0
TMEM14C,0.0,1.0
TMEM14B,0.0,1.0
MAK,0.0,1.0
SYCP2L,0.0,1.0
ELOVL2,0.0,1.0
SMIM13,0.0,1.0
NEDD9,0.0,1.0
TMEM170B,1.0,0.0
ADTRP,0.0,1.0
FAM20C,0.0,1.0
AC226118.1,0.0,1.0
AC147651.1,0.0,1.0
PDGFA,0.0,1.0
AC147651.2,0.0,1.0
AC147651.4,0.0,1.0
PRKAR1B,1.0,0.0
SUN1,0.0,1.0
GET4,0.0,1.0
ADAP1,0.0,1.0
COX19,1.0,0.0
CYP2W1,0.0,1.0
GPR146,0.0,1.0
C7orf50,0.0,1.0
GPER1,1.0,0.0
ZFAND2A,0.0,1.0
MICALL2,0.0,1.0
INTS1,1.0,0.0
MAFK,0.0,1.0
TMEM184A,0.0,1.0
PSMG3,0.0,1.0
PSMG3-AS1,1.0,0.0
ELFN1,0.0,1.0
MAD1L1,0.0,1.0
NUDT1,0.0,1.0
SNX8,0.0,1.0
EIF3B,0.0,1.0
CHST12,1.0,0.0
LFNG,0.0,1.0
BRAT1,0.0,1.0
IQCE,0.0,1.0
TTYH3,0.0,1.0
AMZ1,0.0,1.0
GNA12,1.0,0.0
CARD11,0.0,1.0
AC073316.1,0.0,1.0
SDK1,1.0,0.0
SFRP1,0.0,1.0
GOLGA7,1.0,0.0
GINS4,0.0,1.0
NKX6-3,0.0,1.0
ANK1,1.0,0.0
KAT6A,0.0,1.0
AP3M2,0.0,1.0
PLAT,0.0,1.0
IKBKB,0.0,1.0
POLB,0.0,1.0
DKK4,1.0,0.0
VDAC3,0.0,1.0
SLC20A2,1.0,0.0
SMIM19,1.0,0.0
CHRNA6,0.0,1.0
THAP1,1.0,0.0
RNF170,0.0,1.0
HOOK3,1.0,0.0
FNTA,0.0,1.0
POMK,1.0,0.0
HGSNAT,0.0,1.0
SPIDR,1.0,0.0
CEBPD,1.0,0.0
PRKDC,1.0,0.0
MCM4,1.0,0.0
UBE2V2,0.0,1.0
EFCAB1,0.0,1.0
SNAI2,0.0,1.0
SNTG1,0.0,1.0
PXDNL,0.0,1.0
AC090186.1,0.0,1.0
PCMTD1,1.0,0.0
ST18,0.0,1.0
RB1CC1,1.0,0.0
OPRK1,1.0,0.0
ATP6V1H,0.0,1.0
RGS20,0.0,1.0
TCEA1,1.0,0.0
LYPLA1,0.0,1.0
MRPL15,1.0,0.0
SOX17,0.0,1.0
RP1,1.0,0.0
XKR4,1.0,0.0
TMEM68,1.0,0.0
TGS1,0.0,1.0
LYN,1.0,0.0
RPS20,0.0,1.0
PLAG1,0.0,1.0
CHCHD7,0.0,1.0
SDR16C5,0.0,1.0
LINC00968,0.0,1.0
IMPAD1,0.0,1.0
LINC00588,0.0,1.0
FAM110B,0.0,1.0
UBXN2B,0.0,1.0
CYP7A1,0.0,1.0
SDCBP,1.0,0.0
NSMAF,0.0,1.0
TOX,1.0,0.0
CA8,0.0,1.0
RAB2A,0.0,1.0
CHD7,0.0,1.0
AC022182.1,1.0,0.0
AC022182.2,0.0,1.0
CLVS1,0.0,1.0
ASPH,0.0,1.0
GGH,1.0,0.0
TTPA,0.0,1.0
YTHDF3-AS1,1.0,0.0
YTHDF3,0.0,1.0
CYP7B1,0.0,1.0
ARMC1,0.0,1.0
MTFR1,0.0,1.0
PDE7A,0.0,1.0
TRIM55,1.0,0.0
RRS1,1.0,0.0
ADHFE1,0.0,1.0
MYBL1,1.0,0.0
VCPIP1,0.0,1.0
C8orf44,0.0,1.0
SGK3,0.0,1.0
MCMDC2,0.0,1.0
TCF24,0.0,1.0
PPP1R42,1.0,0.0
COPS5,0.0,1.0
CSPP1,1.0,0.0
ARFGEF1,0.0,1.0
PREX2,0.0,1.0
C8orf34,0.0,1.0
SULF1,0.0,1.0
SLCO5A1,0.0,1.0
PRDM14,0.0,1.0
NCOA2,1.0,0.0
TRAM1,0.0,1.0
LACTB2,0.0,1.0
XKR9,1.0,0.0
EYA1,0.0,1.0
MSC,0.0,1.0
KCNB2,0.0,1.0
TERF1,0.0,1.0
SBSPON,0.0,1.0
RPL7,1.0,0.0
RDH10,1.0,0.0
STAU2-AS1,1.0,0.0
STAU2,1.0,0.0
UBE2W,1.0,0.0
TMEM70,0.0,1.0
LY96,0.0,1.0
JPH1,0.0,1.0
GDAP1,0.0,1.0
PI15,0.0,1.0
CRISPLD1,1.0,0.0
CASC9,1.0,0.0
HNF4G,0.0,1.0
ZFHX4,0.0,1.0
PEX2,1.0,0.0
PKIA,0.0,1.0
ZC2HC1A,0.0,1.0
IL7,0.0,1.0
HEY1,0.0,1.0
MRPS28,0.0,1.0
TPD52,0.0,1.0
ZBTB10,0.0,1.0
ZNF704,0.0,1.0
PAG1,0.0,1.0
FABP5,0.0,1.0
IMPA1,0.0,1.0
SLC10A5,1.0,0.0
ZFAND1,0.0,1.0
CHMP4C,1.0,0.0
SNX16,0.0,1.0
RALYL,0.0,1.0
LRRCC1,0.0,1.0
E2F5,1.0,0.0
C8orf59,0.0,1.0
CA13,0.0,1.0
CA1,0.0,1.0
CA3,0.0,1.0
CA2,0.0,1.0
ATP6V0D2,1.0,0.0
WWP1,0.0,1.0
RMDN1,1.0,0.0
CPNE3,0.0,1.0
CNGB3,0.0,1.0
MMP16,0.0,1.0
RIPK2,0.0,1.0
OSGIN2,0.0,1.0
NBN,0.0,1.0
DECR1,1.0,0.0
CALB1,1.0,0.0
LINC01030,0.0,1.0
TMEM64,0.0,1.0
NECAB1,0.0,1.0
C8orf88,1.0,0.0
OTUD6B,1.0,0.0
LRRC69,0.0,1.0
SLC26A7,0.0,1.0
RUNX1T1,1.0,0.0
TRIQK,1.0,0.0
LINC00535,1.0,0.0
RBM12B,1.0,0.0
TMEM67,0.0,1.0
PDP1,0.0,1.0
GEM,0.0,1.0
FSBP,0.0,1.0
RAD54B,0.0,1.0
ESRP1,0.0,1.0
DPY19L4,0.0,1.0
INTS8,0.0,1.0
CCNE2,0.0,1.0
TP53INP1,0.0,1.0
NDUFAF6,0.0,1.0
PLEKHF2,0.0,1.0
C8orf37,0.0,1.0
GDF6,0.0,1.0
UQCRB,0.0,1.0
PTDSS1,0.0,1.0
SDC2,0.0,1.0
CPQ,0.0,1.0
TSPYL5,0.0,1.0
MTDH,0.0,1.0
LAPTM4B,1.0,0.0
MATN2,0.0,1.0
RPL30,0.0,1.0
POP1,0.0,1.0
NIPAL2,1.0,0.0
KCNS2,0.0,1.0
STK3,1.0,0.0
OSR2,0.0,1.0
VPS13B,0.0,1.0
COX6C,0.0,1.0
RGS22,0.0,1.0
FBXO43,0.0,1.0
POLR2K,0.0,1.0
SPAG1,0.0,1.0
RNF19A,1.0,0.0
ANKRD46,0.0,1.0
SNX31,0.0,1.0
PABPC1,0.0,1.0
YWHAZ,1.0,0.0
ZNF706,1.0,0.0
GRHL2,1.0,0.0
NCALD,0.0,1.0
RRM2B,0.0,1.0
UBR5,0.0,1.0
ODF1,0.0,1.0
KLF10,0.0,1.0
AZIN1,0.0,1.0
AP003354.1,0.0,1.0
ATP6V1C1,0.0,1.0
AP003550.1,0.0,1.0
BAALC,0.0,1.0
FZD6,0.0,1.0
CTHRC1,0.0,1.0
SLC25A32,1.0,0.0
DCAF13,0.0,1.0
RIMS2,0.0,1.0
DCSTAMP,0.0,1.0
DPYS,0.0,1.0
LRP12,1.0,0.0
ZFPM2,1.0,0.0
OXR1,0.0,1.0
ABRA,0.0,1.0
ANGPT1,0.0,1.0
EIF3E,0.0,1.0
EMC2,0.0,1.0
TMEM74,0.0,1.0
NUDCD1,1.0,0.0
ENY2,0.0,1.0
PKHD1L1,1.0,0.0
EBAG9,0.0,1.0
SYBU,0.0,1.0
TRPS1,0.0,1.0
LINC00536,0.0,1.0
EIF3H,1.0,0.0
UTP23,1.0,0.0
RAD21,0.0,1.0
RAD21-AS1,0.0,1.0
AARD,1.0,0.0
SLC30A8,0.0,1.0
MED30,0.0,1.0
EXT1,0.0,1.0
AC023590.1,0.0,1.0
SAMD12,0.0,1.0
TNFRSF11B,1.0,0.0
COLEC10,1.0,0.0
MAL2,0.0,1.0
NOV,0.0,1.0
ENPP2,1.0,0.0
TAF2,0.0,1.0
DSCC1,0.0,1.0
DEPTOR,1.0,0.0
COL14A1,0.0,1.0
MRPL13,0.0,1.0
MTBP,0.0,1.0
SNTB1,0.0,1.0
HAS2,0.0,1.0
HAS2-AS1,0.0,1.0
LINC01151,1.0,0.0
AC016405.2,0.0,1.0
ZHX2,0.0,1.0
DERL1,0.0,1.0
TBC1D31,1.0,0.0
FAM83A,0.0,1.0
FAM83A-AS1,1.0,0.0
C8orf76,0.0,1.0
ZHX1,0.0,1.0
ATAD2,0.0,1.0
WDYHV1,1.0,0.0
FBXO32,1.0,0.0
KLHL38,1.0,0.0
ANXA13,1.0,0.0
FAM91A1,1.0,0.0
FER1L6,0.0,1.0
TMEM65,0.0,1.0
TRMT12,1.0,0.0
RNF139-AS1,0.0,1.0
RNF139,1.0,0.0
TATDN1,0.0,1.0
NDUFB9,0.0,1.0
MTSS1,1.0,0.0
LINC00964,0.0,1.0
ZNF572,0.0,1.0
SQLE,1.0,0.0
NSMCE2,0.0,1.0
TRIB1,1.0,0.0
LINC00861,1.0,0.0
FAM84B,1.0,0.0
PCAT1,0.0,1.0
PRNCR1,0.0,1.0
CASC8,0.0,1.0
POU5F1B,0.0,1.0
CASC11,0.0,1.0
MYC,1.0,0.0
PVT1,1.0,0.0
CCDC26,0.0,1.0
GSDMC,0.0,1.0
FAM49B,1.0,0.0
ASAP1,0.0,1.0
ADCY8,1.0,0.0
EFR3A,0.0,1.0
OC90,1.0,0.0
HHLA1,0.0,1.0
KCNQ3,0.0,1.0
LRRC6,0.0,1.0
TMEM71,0.0,1.0
PHF20L1,0.0,1.0
TG,0.0,1.0
SLA,1.0,0.0
WISP1,0.0,1.0
NDRG1,0.0,1.0
ST3GAL1,0.0,1.0
ZFAT,0.0,1.0
AC083843.1,0.0,1.0
AC083843.2,1.0,0.0
AC083843.3,1.0,0.0
KHDRBS3,0.0,1.0
FAM135B,1.0,0.0
COL22A1,0.0,1.0
KCNK9,1.0,0.0
TRAPPC9,0.0,1.0
CHRAC1,0.0,1.0
AGO2,1.0,0.0
PTK2,0.0,1.0
DENND3,0.0,1.0
SLC45A4,0.0,1.0
GPR20,1.0,0.0
PTP4A3,0.0,1.0
AC138647.1,1.0,0.0
LINC00051,0.0,1.0
TSNARE1,0.0,1.0
ARC,0.0,1.0
JRK,1.0,0.0
PSCA,0.0,1.0
LY6K,1.0,0.0
THEM6,1.0,0.0
LYPD2,1.0,0.0
LYNX1,0.0,1.0
LY6D,1.0,0.0
LY6E,1.0,0.0
LY6H,0.0,1.0
GPIHBP1,0.0,1.0
ZFP41,1.0,0.0
GLI4,0.0,1.0
ZNF696,0.0,1.0
TOP1MT,0.0,1.0
RHPN1-AS1,0.0,1.0
RHPN1,0.0,1.0
MAFA,0.0,1.0
ZC3H3,1.0,0.0
GSDMD,1.0,0.0
MROH6,0.0,1.0
EEF1D,1.0,0.0
TIGD5,0.0,1.0
TSTA3,0.0,1.0
ZNF623,1.0,0.0
ZNF707,1.0,0.0
CCDC166,0.0,1.0
MAPK15,1.0,0.0
FAM83H,0.0,1.0
SCRIB,0.0,1.0
PUF60,0.0,1.0
NRBP2,1.0,0.0
EPPK1,0.0,1.0
PLEC,1.0,0.0
GRINA,1.0,0.0
PARP10,0.0,1.0
SPATC1,1.0,0.0
OPLAH,1.0,0.0
EXOSC4,0.0,1.0
GPAA1,0.0,1.0
CYC1,1.0,0.0
SHARPIN,0.0,1.0
MAF1,1.0,0.0
MROH1,0.0,1.0
BOP1,0.0,1.0
HSF1,0.0,1.0
DGAT1,0.0,1.0
SCRT1,0.0,1.0
TMEM249,0.0,1.0
FBXL6,0.0,1.0
SLC52A2,0.0,1.0
ADCK5,0.0,1.0
CPSF1,1.0,0.0
SLC39A4,0.0,1.0
VPS28,0.0,1.0
TONSL,0.0,1.0
CYHR1,0.0,1.0
KIFC2,1.0,0.0
FOXH1,1.0,0.0
PPP1R16A,0.0,1.0
GPT,1.0,0.0
MFSD3,1.0,0.0
RECQL4,1.0,0.0
LRRC14,1.0,0.0
LRRC24,0.0,1.0
C8orf82,0.0,1.0
AC084125.1,1.0,0.0
ARHGAP39,0.0,1.0
AF186192.1,0.0,1.0
ZNF251,0.0,1.0
ZNF34,0.0,1.0
RPL8,0.0,1.0
ZNF517,0.0,1.0
ZNF7,0.0,1.0
COMMD5,0.0,1.0
ZNF250,1.0,0.0
ZNF16,0.0,1.0
ZNF252P-AS1,0.0,1.0
C8orf33,0.0,1.0
CDK20,1.0,0.0
SPIN1,0.0,1.0
NXNL2,0.0,1.0
C9orf47,0.0,1.0
S1PR3,1.0,0.0
SHC3,1.0,0.0
CKS2,0.0,1.0
SECISBP2,0.0,1.0
SEMA4D,1.0,0.0
GADD45G,1.0,0.0
DIRAS2,0.0,1.0
SYK,1.0,0.0
LINC00484,1.0,0.0
AUH,0.0,1.0
NFIL3,0.0,1.0
ROR2,0.0,1.0
SPTLC1,1.0,0.0
IARS,0.0,1.0
NOL8,0.0,1.0
OGN,0.0,1.0
ASPN,0.0,1.0
CENPP,1.0,0.0
ECM2,0.0,1.0
IPPK,0.0,1.0
BICD2,0.0,1.0
ZNF484,0.0,1.0
FGD3,0.0,1.0
SUSD3,1.0,0.0
NINJ1,0.0,1.0
WNK2,0.0,1.0
C9orf129,0.0,1.0
FAM120AOS,0.0,1.0
FAM120A,1.0,0.0
PHF2,0.0,1.0
BARX1,0.0,1.0
PTPDC1,0.0,1.0
MIRLET7DHG,0.0,1.0
ZNF169,0.0,1.0
PCAT7,0.0,1.0
FBP2,0.0,1.0
FBP1,0.0,1.0
C9orf3,0.0,1.0
FANCC,0.0,1.0
PTCH1,0.0,1.0
LINC00476,0.0,1.0
ERCC6L2,0.0,1.0
AL160269.1,1.0,0.0
HSD17B3,0.0,1.0
SLC35D2,0.0,1.0
ZNF367,0.0,1.0
HABP4,0.0,1.0
CDC14B,0.0,1.0
AAED1,0.0,1.0
ZNF510,0.0,1.0
ZNF782,0.0,1.0
NUTM2G,1.0,0.0
CTSV,0.0,1.0
CCDC180,1.0,0.0
TDRD7,0.0,1.0
TMOD1,1.0,0.0
TSTD2,0.0,1.0
NCBP1,0.0,1.0
XPA,0.0,1.0
AL445531.1,1.0,0.0
HEMGN,0.0,1.0
ANP32B,0.0,1.0
NANS,0.0,1.0
TRIM14,0.0,1.0
CORO2A,0.0,1.0
TBC1D2,1.0,0.0
GABBR2,0.0,1.0
ANKS6,0.0,1.0
GALNT12,0.0,1.0
COL15A1,0.0,1.0
TGFBR1,0.0,1.0
ALG2,0.0,1.0
SEC61B,1.0,0.0
NR4A3,1.0,0.0
STX17,0.0,1.0
ERP44,0.0,1.0
INVS,0.0,1.0
TEX10,1.0,0.0
MSANTD3,0.0,1.0
MSANTD3-TMEFF1,0.0,1.0
TMEFF1,1.0,0.0
BAAT,0.0,1.0
MRPL50,0.0,1.0
ZNF189,0.0,1.0
TMEM246,0.0,1.0
RNF20,0.0,1.0
SMC2,0.0,1.0
OR13C3,0.0,1.0
OR13C5,1.0,0.0
OR13C9,0.0,1.0
NIPSNAP3A,1.0,0.0
NIPSNAP3B,0.0,1.0
ABCA1,1.0,0.0
SLC44A1,0.0,1.0
FSD1L,0.0,1.0
FKTN,0.0,1.0
TAL2,0.0,1.0
TMEM38B,0.0,1.0
ZNF462,0.0,1.0
RAD23B,0.0,1.0
KLF4,0.0,1.0
ACTL7B,1.0,0.0
FAM206A,1.0,0.0
CTNNAL1,0.0,1.0
TMEM245,0.0,1.0
FRRS1L,0.0,1.0
EPB41L4B,1.0,0.0
PTPN3,0.0,1.0
PALM2,0.0,1.0
PALM2-AKAP2,0.0,1.0
AKAP2,0.0,1.0
C9orf152,0.0,1.0
TXN,1.0,0.0
SVEP1,0.0,1.0
MUSK,1.0,0.0
LPAR1,1.0,0.0
ZNF483,0.0,1.0
PTGR1,0.0,1.0
DNAJC25,0.0,1.0
DNAJC25-GNG10,0.0,1.0
GNG10,0.0,1.0
C9orf84,1.0,0.0
UGCG,0.0,1.0
SUSD1,1.0,0.0
PTBP3,1.0,0.0
HSDL2,0.0,1.0
C9orf147,1.0,0.0
KIAA1958,0.0,1.0
INIP,0.0,1.0
SNX30,0.0,1.0
SLC46A2,0.0,1.0
ZNF883,1.0,0.0
ZFP37,0.0,1.0
FAM225A,1.0,0.0
SLC31A2,1.0,0.0
FKBP15,0.0,1.0
SLC31A1,0.0,1.0
CDC26,0.0,1.0
PRPF4,0.0,1.0
RNF183,0.0,1.0
WDR31,0.0,1.0
BSPRY,0.0,1.0
HDHD3,0.0,1.0
ALAD,0.0,1.0
POLE3,0.0,1.0
C9orf43,0.0,1.0
RGS3,1.0,0.0
ZNF618,0.0,1.0
AMBP,1.0,0.0
KIF12,0.0,1.0
COL27A1,0.0,1.0
ORM1,1.0,0.0
ORM2,0.0,1.0
AKNA,0.0,1.0
ATP6V1G1,0.0,1.0
TNFSF15,1.0,0.0
TNC,0.0,1.0
DEC1,0.0,1.0
PAPPA,0.0,1.0
AL137024.1,0.0,1.0
PAPPA-AS1,0.0,1.0
TRIM32,0.0,1.0
ASTN2,0.0,1.0
TLR4,1.0,0.0
TTLL11,0.0,1.0
NDUFA8,1.0,0.0
MORN5,1.0,0.0
LHX6,0.0,1.0
RBM18,1.0,0.0
MRRF,0.0,1.0
PTGS1,0.0,1.0
OR1J1,0.0,1.0
OR1J2,0.0,1.0
OR1N2,0.0,1.0
OR1L8,0.0,1.0
OR1Q1,1.0,0.0
OR1K1,0.0,1.0
PDCL,0.0,1.0
RC3H2,0.0,1.0
ZBTB6,0.0,1.0
ZBTB26,0.0,1.0
RABGAP1,0.0,1.0
GPR21,1.0,0.0
STRBP,1.0,0.0
CRB2,0.0,1.0
DENND1A,0.0,1.0
LHX2,1.0,0.0
NEK6,0.0,1.0
PSMB7,0.0,1.0
NR6A1,0.0,1.0
MIR181A2HG,1.0,0.0
OLFML2A,1.0,0.0
WDR38,0.0,1.0
RPL35,1.0,0.0
ARPC5L,0.0,1.0
GOLGA1,1.0,0.0
SCAI,0.0,1.0
PPP6C,0.0,1.0
RABEPK,0.0,1.0
HSPA5,0.0,1.0
GAPVD1,0.0,1.0
MAPKAP1,0.0,1.0
PBX3,1.0,0.0
MVB12B,0.0,1.0
AL161908.1,1.0,0.0
LMX1B,0.0,1.0
ZBTB43,0.0,1.0
ZBTB34,0.0,1.0
RALGPS1,0.0,1.0
ANGPTL2,0.0,1.0
GARNL3,0.0,1.0
SLC2A8,0.0,1.0
ZNF79,0.0,1.0
RPL12,0.0,1.0
LRSAM1,0.0,1.0
FAM129B,0.0,1.0
STXBP1,0.0,1.0
PTRH1,0.0,1.0
TTC16,0.0,1.0
TOR2A,0.0,1.0
SH2D3C,0.0,1.0
CDK9,0.0,1.0
FPGS,0.0,1.0
ENG,1.0,0.0
AK1,0.0,1.0
ST6GALNAC6,1.0,0.0
ST6GALNAC4,1.0,0.0
PIP5KL1,0.0,1.0
DPM2,0.0,1.0
FAM102A,0.0,1.0
NAIF1,0.0,1.0
SLC25A25,0.0,1.0
PTGES2,0.0,1.0
LCN2,1.0,0.0
C9orf16,1.0,0.0
CIZ1,1.0,0.0
DNM1,0.0,1.0
AL590708.1,1.0,0.0
GOLGA2,0.0,1.0
SWI5,1.0,0.0
TRUB2,0.0,1.0
COQ4,0.0,1.0
SLC27A4,0.0,1.0
URM1,1.0,0.0
CERCAM,0.0,1.0
ODF2-AS1,0.0,1.0
ODF2,1.0,0.0
GLE1,1.0,0.0
SPTAN1,1.0,0.0
WDR34,0.0,1.0
HMGA1P4,1.0,0.0
SET,0.0,1.0
PKN3,0.0,1.0
ZDHHC12,0.0,1.0
ZER1,0.0,1.0
TBC1D13,0.0,1.0
ENDOG,1.0,0.0
LRRC8A,0.0,1.0
PHYHD1,0.0,1.0
DOLK,1.0,0.0
NUP188,0.0,1.0
SH3GLB2,0.0,1.0
DOLPP1,0.0,1.0
CRAT,0.0,1.0
IER5L,0.0,1.0
AL158151.1,1.0,0.0
C9orf106,0.0,1.0
AL353803.1,0.0,1.0
AL391056.1,0.0,1.0
C9orf50,0.0,1.0
NTMT1,0.0,1.0
ASB6,0.0,1.0
PRRX2,1.0,0.0
AL590369.1,1.0,0.0
PTGES,0.0,1.0
TOR1B,1.0,0.0
TOR1A,0.0,1.0
C9orf78,0.0,1.0
USP20,1.0,0.0
FNBP1,0.0,1.0
GPR107,0.0,1.0
AL360004.1,0.0,1.0
NCS1,0.0,1.0
HMCN2,0.0,1.0
ASS1,0.0,1.0
FUBP3,0.0,1.0
PRDM12,0.0,1.0
EXOSC2,0.0,1.0
ABL1,1.0,0.0
QRFP,0.0,1.0
FIBCD1,0.0,1.0
LAMC3,1.0,0.0
AIF1L,0.0,1.0
NUP214,0.0,1.0
FAM78A,1.0,0.0
PRRC2B,0.0,1.0
AL358781.1,0.0,1.0
POMT1,0.0,1.0
UCK1,0.0,1.0
RAPGEF1,1.0,0.0
MED27,0.0,1.0
NTNG2,0.0,1.0
SETX,0.0,1.0
TTF1,1.0,0.0
DDX31,0.0,1.0
GTF3C4,0.0,1.0
AK8,0.0,1.0
TSC1,0.0,1.0
GFI1B,1.0,0.0
GTF3C5,0.0,1.0
CEL,0.0,1.0
RALGDS,0.0,1.0
GBGT1,0.0,1.0
OBP2B,1.0,0.0
ABO,0.0,1.0
SURF6,0.0,1.0
MED22,0.0,1.0
RPL7A,1.0,0.0
SURF1,1.0,0.0
SURF2,1.0,0.0
SURF4,0.0,1.0
REXO4,0.0,1.0
ADAMTS13,0.0,1.0
CACFD1,0.0,1.0
SLC2A6,1.0,0.0
ADAMTSL2,0.0,1.0
DBH-AS1,0.0,1.0
SARDH,0.0,1.0
VAV2,1.0,0.0
BRD3,0.0,1.0
PLCXD1,0.0,1.0
GTPBP6,1.0,0.0
LINC00685,0.0,1.0
PPP2R3B,1.0,0.0
CSF2RA,0.0,1.0
IL3RA,0.0,1.0
SLC25A6,1.0,0.0
LINC00106,0.0,1.0
ASMTL-AS1,0.0,1.0
ASMTL,0.0,1.0
AKAP17A,0.0,1.0
DHRSX,0.0,1.0
ZBED1,0.0,1.0
LINC00102,1.0,0.0
CD99,1.0,0.0
XG,0.0,1.0
GYG2,0.0,1.0
ARSD-AS1,1.0,0.0
ARSD,1.0,0.0
ARSE,0.0,1.0
ARSF,1.0,0.0
MXRA5,0.0,1.0
PRKX,1.0,0.0
NLGN4X,0.0,1.0
STS,0.0,1.0
VCX,0.0,1.0
PNPLA4,0.0,1.0
VCX3B,1.0,0.0
FAM9B,1.0,0.0
TBL1X,0.0,1.0
GPR143,0.0,1.0
SHROOM2,0.0,1.0
WWC3,0.0,1.0
CLCN4,0.0,1.0
MID1,1.0,0.0
HCCS,1.0,0.0
ARHGAP6,0.0,1.0
MSL3,0.0,1.0
PRPS2,0.0,1.0
TLR7,0.0,1.0
TLR8-AS1,0.0,1.0
TLR8,0.0,1.0
TMSB4X,0.0,1.0
FAM9C,1.0,0.0
EGFL6,0.0,1.0
TCEANC,1.0,0.0
RAB9A,0.0,1.0
TRAPPC2,1.0,0.0
OFD1,1.0,0.0
GPM6B,0.0,1.0
GEMIN8,0.0,1.0
AC003035.1,0.0,1.0
GLRA2,0.0,1.0
FANCB,1.0,0.0
MOSPD2,0.0,1.0
ASB9,0.0,1.0
ASB11,1.0,0.0
PIGA,0.0,1.0
PIR,0.0,1.0
ACE2,0.0,1.0
CA5B,0.0,1.0
ZRSR2,0.0,1.0
AP1S2,0.0,1.0
GRPR,1.0,0.0
CTPS2,0.0,1.0
SYAP1,0.0,1.0
TXLNG,1.0,0.0
RBBP7,1.0,0.0
REPS2,0.0,1.0
NHS,0.0,1.0
SCML1,0.0,1.0
RAI2,0.0,1.0
SCML2,0.0,1.0
CDKL5,1.0,0.0
PPEF1,0.0,1.0
PHKA2-AS1,0.0,1.0
PHKA2,1.0,0.0
PDHA1,0.0,1.0
MAP3K15,0.0,1.0
SH3KBP1,1.0,0.0
MAP7D2,0.0,1.0
EIF1AX,0.0,1.0
RPS6KA3,0.0,1.0
CNKSR2,0.0,1.0
KLHL34,1.0,0.0
SMPX,1.0,0.0
YY2,0.0,1.0
MBTPS2,0.0,1.0
SMS,0.0,1.0
PHEX,0.0,1.0
PHEX-AS1,1.0,0.0
PTCHD1,0.0,1.0
PRDX4,1.0,0.0
ACOT9,0.0,1.0
AC131011.1,0.0,1.0
SAT1,0.0,1.0
APOO,0.0,1.0
CXorf58,0.0,1.0
KLHL15,0.0,1.0
EIF2S3,1.0,0.0
ZFX-AS1,0.0,1.0
ZFX,0.0,1.0
PDK3,0.0,1.0
PCYT1B,1.0,0.0
POLA1,1.0,0.0
ARX,0.0,1.0
MAGEB5,1.0,0.0
MAGEB10,0.0,1.0
IL1RAPL1,1.0,0.0
MAGEB4,1.0,0.0
MAGEB1,1.0,0.0
CXorf21,0.0,1.0
GK,0.0,1.0
TAB3-AS1,0.0,1.0
TAB3,0.0,1.0
DMD,0.0,1.0
TMEM47,0.0,1.0
PRRG1,0.0,1.0
LANCL3,1.0,0.0
XK,0.0,1.0
CYBB,0.0,1.0
DYNLT3,1.0,0.0
SYTL5,1.0,0.0
SRPX,1.0,0.0
RPGR,0.0,1.0
OTC,0.0,1.0
TSPAN7,0.0,1.0
MID1IP1-AS1,0.0,1.0
MID1IP1,1.0,0.0
AC092198.1,0.0,1.0
BCOR,1.0,0.0
ATP6AP2,0.0,1.0
CXorf38,0.0,1.0
MED14,0.0,1.0
USP9X,0.0,1.0
DDX3X,1.0,0.0
NYX,1.0,0.0
CASK-AS1,0.0,1.0
CASK,1.0,0.0
GPR82,0.0,1.0
MAOA,0.0,1.0
MAOB,0.0,1.0
NDP-AS1,1.0,0.0
NDP,1.0,0.0
EFHC2,0.0,1.0
FUNDC1,1.0,0.0
KDM6A,0.0,1.0
CXorf36,0.0,1.0
KRBOX4,0.0,1.0
ZNF674,1.0,0.0
ZNF674-AS1,0.0,1.0
CHST7,0.0,1.0
SLC9A7,0.0,1.0
RP2,0.0,1.0
JADE3,0.0,1.0
RGN,0.0,1.0
NDUFB11,1.0,0.0
RBM10,0.0,1.0
UBA1,0.0,1.0
CDK16,0.0,1.0
USP11,1.0,0.0
ZNF157,0.0,1.0
ZNF41,0.0,1.0
ARAF,1.0,0.0
TIMP1,0.0,1.0
SYN1,0.0,1.0
CFP,0.0,1.0
ELK1,1.0,0.0
UXT,0.0,1.0
UXT-AS1,1.0,0.0
ZNF81,0.0,1.0
ZNF182,1.0,0.0
ZNF630,0.0,1.0
ZNF630-AS1,1.0,0.0
SLC38A5,1.0,0.0
FTSJ1,0.0,1.0
PORCN,0.0,1.0
EBP,1.0,0.0
TBC1D25,0.0,1.0
AC115618.1,0.0,1.0
RBM3,1.0,0.0
WDR13,1.0,0.0
WAS,0.0,1.0
SUV39H1,1.0,0.0
GLOD5,1.0,0.0
GATA1,0.0,1.0
HDAC6,0.0,1.0
ERAS,1.0,0.0
PCSK1N,0.0,1.0
TIMM17B,1.0,0.0
PQBP1,0.0,1.0
SLC35A2,0.0,1.0
PIM2,0.0,1.0
OTUD5,1.0,0.0
KCND1,0.0,1.0
GRIPAP1,0.0,1.0
TFE3,0.0,1.0
CCDC120,0.0,1.0
PRAF2,0.0,1.0
WDR45,1.0,0.0
GPKOW,1.0,0.0
