"","cluster_1","cluster_2","cluster_3"
"TINAGL1",2,2,3
"HCRTR1",2,2,3
"PEF1",2,2,3
"COL16A1",2,2,3
"SPOCD1",2,2,3
"AL136115.1",2,2,3
"PTP4A2",2,2,3
"KHDRBS1",2,2,3
"TMEM39B",2,2,3
"KPNA6",2,2,3
"TXLNA",2,2,3
"CCDC28B",2,2,3
"IQCC",2,2,3
"DCDC2B",2,2,3
"TMEM234",2,2,3
"EIF3I",2,2,3
"FAM167B",2,2,3
"LCK",2,2,3
"HDAC1",2,2,3
"MARCKSL1",2,2,3
"TSSK3",2,2,3
"FAM229A",2,2,3
"BSDC1",2,2,3
"ZBTB8B",2,2,3
"ZBTB8A",2,2,3
"ZBTB8OS",2,2,3
"RBBP4",2,2,3
"SYNC",2,2,3
"KIAA1522",2,2,3
"YARS",2,2,3
"S100PBP",2,2,3
"FNDC5",2,2,3
"HPCA",2,2,3
"TMEM54",2,2,3
"RNF19B",2,2,3
"AK2",2,2,3
"TRIM62",2,2,3
"ZNF362",2,2,3
"AL513327.1",2,2,3
"PHC2",2,2,3
"ZSCAN20",2,2,3
"CSMD2",2,2,3
"C1orf94",2,2,3
"GJB5",2,2,3
"GJB4",2,2,3
"GJB3",2,2,3
"SMIM12",2,2,3
"GJA4",2,2,3
"DLGAP3",2,2,3
"ZMYM6",2,2,3
"ZMYM1",2,2,3
"SFPQ",2,2,3
"ZMYM4",2,2,3
"ZMYM4-AS1",2,2,3
"KIAA0319L",2,2,3
"NCDN",2,2,3
"TFAP2E",2,2,3
"PSMB2",2,2,3
"C1orf216",2,2,3
"CLSPN",2,2,3
"AGO4",2,2,3
"AGO1",2,2,3
"AGO3",2,2,3
"TEKT2",2,2,3
"ADPRHL2",2,2,3
"COL8A2",2,2,3
"TRAPPC3",2,2,3
"MAP7D1",2,2,3
"THRAP3",2,2,3
"SH3D21",2,2,3
"EVA1B",2,2,3
"STK40",2,2,3
"LSM10",2,2,3
"OSCP1",2,2,3
"MRPS15",2,2,3
"CSF3R",2,2,3
"GRIK3",2,2,3
"LINC01137",2,2,3
"ZC3H12A",2,2,3
"MEAF6",2,2,3
"SNIP1",2,2,3
"DNALI1",2,2,3
"GNL2",2,2,3
"RSPO1",2,2,3
"C1orf109",2,2,3
"CDCA8",2,2,3
"EPHA10",2,2,3
"MANEAL",2,2,3
"YRDC",2,2,3
"C1orf122",2,2,3
"MTF1",2,2,3
"INPP5B",2,2,3
"SF3A3",2,2,3
"FHL3",2,2,3
"POU3F1",2,2,3
"RRAGC",2,2,3
"MYCBP",2,2,3
"RHBDL2",2,2,3
"AKIRIN1",2,2,3
"NDUFS5",2,2,3
"MACF1",2,2,3
"BMP8A",2,2,3
"PABPC4",2,2,3
"HEYL",2,2,3
"PPIE",2,2,3
"OXCT2",2,2,3
"BMP8B",2,2,3
"TRIT1",2,2,3
"MYCL",2,2,3
"MFSD2A",2,2,3
"CAP1",2,2,3
"PPT1",2,2,3
"RLF",2,2,3
"TMCO2",2,2,3
"ZMPSTE24",2,2,3
"COL9A2",2,2,3
"SMAP2",2,2,3
"ZFP69B",2,2,3
"ZFP69",2,2,3
"EXO5",2,2,3
"ZNF684",2,2,3
"RIMS3",2,2,3
"NFYC-AS1",2,2,3
"NFYC",2,2,3
"KCNQ4",2,2,3
"CITED4",2,2,3
"CTPS1",2,2,3
"SLFNL1",2,2,3
"SCMH1",2,2,3
"FOXO6",2,2,3
"EDN2",2,2,3
"HIVEP3",2,2,3
"GUCA2B",2,2,3
"GUCA2A",2,2,3
"FOXJ3",2,2,3
"RIMKLA",2,2,3
"ZMYND12",2,2,3
"PPCS",2,2,3
"CCDC30",2,2,3
"PPIH",2,2,3
"YBX1",2,2,3
"CLDN19",2,2,3
"C1orf50",2,2,3
"ERMAP",2,2,3
"ZNF691",2,2,3
"SLC2A1",2,2,3
"SLC2A1-AS1",2,2,3
"FAM183A",2,2,3
"EBNA1BP2",2,2,3
"TMEM125",2,2,3
"C1orf210",2,2,3
"TIE1",2,2,3
"MPL",2,2,3
"CDC20",2,2,3
"ELOVL1",2,2,3
"MED8",2,2,3
"SZT2",2,2,3
"SZT2-AS1",2,2,3
"HYI",2,2,3
"PTPRF",2,2,3
"KDM4A",2,2,3
"KDM4A-AS1",2,2,3
"ST3GAL3",2,2,3
"ARTN",2,2,3
"IPO13",2,2,3
"DPH2",2,2,3
"ATP6V0B",2,2,3
"B4GALT2",2,2,3
"CCDC24",2,2,3
"SLC6A9",2,2,3
"KLF17",2,2,3
"DMAP1",2,2,3
"ERI3",2,2,3
"RNF220",2,2,3
"TMEM53",2,2,3
"KIF2C",2,2,3
"RPS8",2,2,3
"BEST4",2,2,3
"PLK3",2,2,3
"TCTEX1D4",2,2,3
"BTBD19",2,2,3
"PTCH2",2,2,3
"EIF2B3",2,2,3
"HECTD3",2,2,3
"UROD",2,2,3
"ZSWIM5",2,2,3
"HPDL",2,2,3
"MUTYH",2,2,3
"TOE1",2,2,3
"TESK2",2,2,3
"MMACHC",2,2,3
"PRDX1",2,2,3
"AHCYL1",3,2,2
"STRIP1",3,2,2
"ALX3",3,2,2
"SLC6A17",3,2,2
"KCNC4",3,2,2
"RBM15",3,2,2
"SLC16A4",3,2,2
"LAMTOR5",3,2,2
"PROK1",3,2,2
"CD53",3,2,2
"LRIF1",3,2,2
"DRAM2",3,2,2
"CEPT1",3,2,2
"DENND2D",3,2,2
"CHI3L2",3,2,2
"PIFO",3,2,2
"OVGP1",3,2,2
"WDR77",3,2,2
"C1orf162",3,2,2
"ADORA3",3,2,2
"LINC01160",3,2,2
"RAP1A",3,2,2
"DDX20",3,2,2
"KCND3",3,2,2
"CAMK1G",2,1,2
"LAMB3",2,1,2
"G0S2",2,1,2
"HSD11B1",2,1,2
"TRAF3IP3",2,1,2
"C1orf74",2,1,2
"IRF6",2,1,2
"SYT14",2,1,2
"SERTAD4-AS1",2,1,2
"SERTAD4",2,1,2
"HHAT",2,1,2
"KCNH1",2,1,2
"RCOR3",2,1,2
"TRAF5",2,1,2
"LINC00467",2,1,2
"RD3",2,1,2
"SLC30A1",2,1,2
"AL356310.1",2,1,2
"NEK2",2,1,2
"LPGAT1",2,1,2
"INTS7",2,1,2
"DTL",2,1,2
"PPP2R5A",2,1,2
"TMEM206",2,1,2
"NENF",2,1,2
"ATF3",2,1,2
"FAM71A",2,1,2
"BATF3",2,1,2
"NSL1",2,1,2
"TATDN3",2,1,2
"FLVCR1",2,1,2
"VASH2",2,1,2
"ANGEL2",2,1,2
"RPS6KC1",2,1,2
"PROX1",2,1,2
"SMYD2",2,1,2
"PTPN14",2,1,2
"CENPF",2,1,2
"KCNK2",2,1,2
"KCTD3",2,1,2
"USH2A",2,1,2
"ESRRG",2,1,2
"GPATCH2",2,1,2
"SPATA17",2,1,2
"RRP15",2,1,2
"TGFB2",2,1,2
"C1orf143",2,1,2
"LYPLAL1",2,1,2
"ZC3H11B",2,1,2
"SLC30A10",2,1,2
"EPRS",2,1,2
"BPNT1",2,1,2
"IARS2",2,1,2
"RAB3GAP2",2,1,2
"MARK1",2,1,2
"C1orf115",2,1,2
"MARC2",2,1,2
"MARC1",2,1,2
"RNU6ATAC35P",2,1,2
"HLX",2,1,2
"DUSP10",2,1,2
"HHIPL2",2,1,2
"TAF1A",2,1,2
"MIA3",2,1,2
"AIDA",2,1,2
"BROX",2,1,2
"DISP1",2,1,2
"TLR5",2,1,2
"SUSD4",2,1,2
"CAPN8",2,1,2
"CAPN2",2,1,2
"TP53BP2",2,1,2
"FBXO28",2,1,2
"DEGS1",2,1,2
"NVL",2,1,2
"CNIH4",2,1,2
"WDR26",2,1,2
"CNIH3",2,1,2
"DNAH14",2,1,2
"LBR",2,1,2
"ENAH",2,1,2
"SRP9",2,1,2
"DLG5",2,1,2
"AL391421.1",2,1,2
"POLR3A",2,1,2
"RPS24",2,1,2
"LINC00595",2,1,2
"ZMIZ1-AS1",2,1,2
"ZMIZ1",2,1,2
"PPIF",2,1,2
"ZCCHC24",2,1,2
"EIF5AL1",2,1,2
"SFTPA2",2,1,2
"SFTPA1",2,1,2
"NUTM2B",2,1,2
"SFTPD",2,1,2
"TMEM254-AS1",2,1,2
"TMEM254",2,1,2
"PLAC9",2,1,2
"ANXA11",2,1,2
"LINC00857",2,1,2
"MAT1A",2,1,2
"DYDC1",2,1,2
"DYDC2",2,1,2
"FAM213A",2,1,2
"TSPAN14",2,1,2
"SH2D4B",2,1,2
"NRG3",2,1,2
"GHITM",2,1,2
"C10orf99",2,1,2
"CDHR1",2,1,2
"RGR",2,1,2
"LINC00858",2,1,2
"CCSER2",2,1,2
"GRID1",2,1,2
"LDB3",2,1,2
"BMPR1A",2,1,2
"MMRN2",2,1,2
"SNCG",2,1,2
"ADIRF",2,1,2
"FAM25A",2,1,2
"GLUD1",2,1,2
"NUTM2A",2,1,2
"NUTM2A-AS1",2,1,2
"NUTM2D",2,1,2
"MINPP1",2,1,2
"PAPSS2",2,1,2
"ATAD1",2,1,2
"KLLN",2,1,2
"PTEN",2,1,2
"RNLS",2,1,2
"LIPJ",2,1,2
"LIPF",2,1,2
"ANKRD22",2,1,2
"STAMBPL1",2,1,2
"ACTA2-AS1",2,1,2
"ACTA2",2,1,2
"FAS",2,1,2
"CH25H",2,1,2
"AL353751.1",2,1,2
"IFIT2",2,1,2
"LIPA",2,1,2
"IFIT3",2,1,2
"IFIT1",2,1,2
"IFIT5",2,1,2
"SLC16A12",2,1,2
"PANK1",2,1,2
"KIF20B",2,1,2
"LINC00865",2,1,2
"HTR7",2,1,2
"RPP30",2,1,2
"ANKRD1",2,1,2
"PCGF5",2,1,2
"HECTD2",2,1,2
"PPP1R3C",2,1,2
"TNKS2-AS1",2,1,2
"TNKS2",2,1,2
"FGFBP3",2,1,2
"BTAF1",2,1,2
"CPEB3",2,1,2
"MARCH5",2,1,2
"IDE",2,1,2
"KIF11",2,1,2
"HHEX",2,1,2
"EXOC6",2,1,2
"CYP26C1",2,1,2
"CYP26A1",2,1,2
"MYOF",2,1,2
"CEP55",2,1,2
"FFAR4",2,1,2
"RBP4",2,1,2
"PDE6C",2,1,2
"FRA10AC1",2,1,2
"LGI1",2,1,2
"SLC35G1",2,1,2
"PLCE1",2,1,2
"NOC3L",2,1,2
"TBC1D12",2,1,2
"HELLS",2,1,2
"CYP2C8",2,1,2
"PDLIM1",2,1,2
"SORBS1",2,1,2
"ALDH18A1",2,1,2
"TCTN3",2,1,2
"ENTPD1",2,1,2
"ENTPD1-AS1",2,1,2
"CC2D2B",2,1,2
"CCNJ",2,1,2
"ZNF518A",2,1,2
"BLNK",2,1,2
"TLL2",2,1,2
"TM9SF3",2,1,2
"PIK3AP1",2,1,2
"LCOR",2,1,2
"ARHGAP19-SLIT1",2,1,2
"ARHGAP19",2,1,2
"FRAT1",2,1,2
"FRAT2",2,1,2
"RRP12",2,1,2
"PGAM1",2,1,2
"EXOSC1",2,1,2
"ZDHHC16",2,1,2
"MMS19",2,1,2
"AL355490.2",2,1,2
"UBTD1",2,1,2
"ANKRD2",2,1,2
"C10orf62",2,1,2
"HOGA1",2,1,2
"MORN4",2,1,2
"PI4K2A",2,1,2
"AVPI1",2,1,2
"MARVELD1",2,1,2
"ZFYVE27",2,1,2
"SFRP5",2,1,2
"GOLGA7B",2,1,2
"CRTAC1",2,1,2
"R3HCC1L",2,1,2
"LOXL4",2,1,2
"PYROXD2",2,1,2
"HPS1",2,1,2
"CNNM1",2,1,2
"GOT1",2,1,2
"SLC25A28",2,1,2
"ENTPD7",2,1,2
"COX15",2,1,2
"CUTC",2,1,2
"ABCC2",2,1,2
"DNMBP-AS1",2,1,2
"DNMBP",2,1,2
"ERLIN1",2,1,2
"CHUK",2,1,2
"PLEKHS1",2,2,1
"DCLRE1A",2,2,1
"NHLRC2",2,2,1
"ADRB1",2,2,1
"TDRD1",2,2,1
"VWA2",2,2,1
"AFAP1L2",2,2,1
"ABLIM1",2,2,1
"FAM160B1",2,2,1
"TRUB1",2,2,1
"ATRNL1",2,2,1
"GFRA1",2,2,1
"PNLIPRP1",2,2,1
"C10orf82",2,2,1
"HSPA12A",2,2,1
"ENO4",2,2,1
"PDZD8",2,2,1
"EMX2OS",2,2,1
"EMX2",2,2,1
"RAB11FIP2",2,2,1
"CASC2",2,2,1
"FAM204A",2,2,1
"LINC00867",2,2,1
"PRLHR",2,2,1
"CACUL1",2,2,1
"NANOS1",2,2,1
"EIF3A",2,2,1
"FAM45A",2,2,1
"SFXN4",2,2,1
"PRDX3",2,2,1
"GRK5",2,2,1
"RGS10",2,2,1
"TIAL1",2,2,1
"BAG3",2,2,1
"INPP5F",2,2,1
"MCMBP",2,2,1
"SEC23IP",2,2,1
"WDR11-AS1",2,2,1
"WDR11",2,2,1
"FGFR2",2,2,1
"ATE1",2,2,1
"NSMCE4A",2,2,1
"TACC2",2,2,1
"BTBD16",2,2,1
"PLEKHA1",2,2,1
"HTRA1",2,2,1
"DMBT1",2,2,1
"C10orf120",2,2,1
"CUZD1",2,2,1
"FAM24B",2,2,1
"C10orf88",2,2,1
"PSTK",2,2,1
"IKZF5",2,2,1
"ACADSB",2,2,1
"BUB3",2,2,1
"CPXM2",2,2,1
"CHST15",2,2,1
"OAT",2,2,1
"NKX1-2",2,2,1
"LHPP",2,2,1
"FAM53B",2,2,1
"AC068896.1",2,2,1
"ZRANB1",2,2,1
"CTBP2",2,2,1
"EDRF1",2,2,1
"EDRF1-AS1",2,2,1
"MMP21",2,2,1
"UROS",2,2,1
"BCCIP",2,2,1
"DHX32",2,2,1
"FANK1",2,2,1
"ADAM12",2,2,1
"DOCK1",2,2,1
"CLRN3",2,2,1
"PTPRE",2,2,1
"MKI67",2,2,1
"MGMT",2,2,1
"EBF3",2,2,1
"GLRX3",2,2,1
"PPP2R2D",2,2,1
"BNIP3",2,2,1
"JAKMIP3",2,2,1
"DPYSL4",2,2,1
"STK32C",2,2,1
"LRRC27",2,2,1
"PWWP2B",2,2,1
"C10orf91",2,2,1
"INPP5A",2,2,1
"NKX6-2",2,2,1
"KNDC1",2,2,1
"UTF1",2,2,1
"MIR202HG",2,2,1
"ADAM8",2,2,1
"TUBGCP2",2,2,1
"ZNF511",2,2,1
"CALY",2,2,1
"PRAP1",2,2,1
"FUOM",2,2,1
"ECHS1",2,2,1
"PAOX",2,2,1
"MTG1",2,2,1
"CYP2E1",2,2,1
"HSD17B12",2,2,1
"ALKBH3",2,2,1
"C11orf96",2,2,1
"ACCS",2,2,1
"EXT2",2,2,1
"CD82",2,2,1
"TSPAN18",2,2,1
"TP53I11",2,2,1
"PRDM11",2,2,1
"SYT13",2,2,1
"CHST1",2,2,1
"SLC35C1",2,2,1
"CRY2",2,2,1
"MAPK8IP1",2,2,1
"C11orf94",2,2,1
"PEX16",2,2,1
"PHF21A",2,2,1
"AC024475.1",2,2,1
"CREB3L1",2,2,1
"DGKZ",2,2,1
"MDK",2,2,1
"AMBRA1",2,2,1
"HARBI1",2,2,1
"ATG13",2,2,1
"ARHGAP1",2,2,1
"ZNF408",2,2,1
"CKAP5",2,2,1
"LRP4-AS1",2,2,1
"LRP4",2,2,1
"C11orf49",2,2,1
"ARFGAP2",2,2,1
"PACSIN3",2,2,1
"DDB2",2,2,1
"ACP2",2,2,1
"NR1H3",2,2,1
"MADD",2,2,1
"MYBPC3",2,2,1
"SPI1",2,2,1
"SLC39A13",2,2,1
"PSMC3",2,2,1
"RAPSN",2,2,1
"UNC93B1",2,3,2
"ALDH3B1",2,3,2
"NDUFS8",2,3,2
"TCIRG1",2,3,2
"CHKA",2,3,2
"C11orf24",2,3,2
"LRP5",2,3,2
"PPP6R3",2,3,2
"AP003096.1",2,3,2
"GAL",2,3,2
"CPT1A",2,3,2
"MRPL21",2,3,2
"IGHMBP2",2,3,2
"MRGPRF",2,3,2
"TPCN2",2,3,2
"MYEOV",2,3,2
"AP000439.1",2,3,2
"AP000439.2",2,3,2
"AP000439.3",2,3,2
"CCND1",2,3,2
"ORAOV1",2,3,2
"FGF19",2,3,2
"ANO1",2,3,2
"FADD",2,3,2
"PPFIA1",2,3,2
"CTTN",2,3,2
"SHANK2-AS1",2,3,2
"SHANK2",2,3,2
"SHANK2-AS3",2,3,2
"DHCR7",2,3,2
"NADSYN1",2,3,2
"KRTAP5-7",2,3,2
"KRTAP5-8",2,3,2
"KRTAP5-9",2,3,2
"KRTAP5-10",2,3,2
"AP003498.1",2,3,2
"FAM86C1",2,3,2
"ZNF705E",2,3,2
"RNF121",2,3,2
"IL18BP",2,3,2
"NUMA1",2,3,2
"AP002490.1",2,3,2
"LAMTOR1",2,3,2
"LRTOMT",2,3,2
"ANAPC15",2,3,2
"FOLR3",2,3,2
"FOLR1",2,3,2
"FOLR2",2,3,2
"INPPL1",2,3,2
"PHOX2A",2,3,2
"CLPB",2,3,2
"PDE2A",2,3,2
"ARAP1-AS1",2,3,2
"ARAP1-AS2",2,3,2
"ARAP1",2,3,2
"STARD10",2,3,2
"ATG16L2",2,3,2
"FCHSD2",2,3,2
"P2RY2",2,3,2
"P2RY6",2,3,2
"ARHGEF17",2,3,2
"AP002761.1",2,3,2
"RELT",2,3,2
"FAM168A",2,3,2
"PLEKHB1",2,3,2
"RAB6A",2,3,2
"MRPL48",2,3,2
"COA4",2,3,2
"PAAF1",2,3,2
"DNAJB13",2,3,2
"UCP2",2,3,2
"UCP3",2,3,2
"C2CD3",2,3,2
"PPME1",2,3,2
"P4HA3",2,3,2
"PGM2L1",2,3,2
"KCNE3",2,3,2
"LIPT2",2,3,2
"POLD3",2,3,2
"CHRDL2",2,3,2
"RNF169",2,3,2
"XRRA1",2,3,2
"SPCS2",2,3,2
"NEU3",2,3,2
"OR2AT4",2,3,2
"SLCO2B1",2,3,2
"TPBGL",2,3,2
"ARRB1",2,3,2
"RPS3",2,3,2
"KLHL35",2,3,2
"GDPD5",2,3,2
"SERPINH1",2,3,2
"MAP6",2,3,2
"MOGAT2",2,3,2
"DGAT2",2,3,2
"UVRAG",2,3,2
"WNT11",2,3,2
"LRRC32",2,3,2
"TSKU",2,3,2
"ACER3",2,3,2
"B3GNT6",2,3,2
"CAPN5",2,3,2
"MYO7A",2,3,2
"PAK1",2,3,2
"CLNS1A",2,3,2
"AQP11",2,3,2
"RSF1",2,3,2
"AAMDC",2,3,2
"INTS4",2,3,2
"KCTD14",2,3,2
"THRSP",2,3,2
"NDUFC2",2,3,2
"ALG8",2,3,2
"KCTD21-AS1",2,3,2
"KCTD21",2,3,2
"USP35",2,3,2
"GAB2",2,3,2
"NARS2",2,3,2
"TENM4",2,3,2
"FAM181B",2,3,2
"PRCP",2,3,2
"RAB30",2,3,2
"RAB30-AS1",2,3,2
"PCF11",2,3,2
"ANKRD42",2,3,2
"CCDC90B",2,3,2
"DLG2",2,3,2
"TMEM126B",2,3,2
"TMEM126A",2,3,2
"CREBZF",2,3,2
"CCDC89",2,3,2
"SYTL2",2,3,2
"CCDC83",2,3,2
"PICALM",2,3,2
"EED",2,3,2
"CCDC81",2,3,2
"ME3",2,3,2
"PRSS23",2,3,2
"FZD4",2,3,2
"TMEM135",2,3,2
"RAB38",2,3,2
"CTSC",2,3,2
"NOX4",2,3,2
"NAALAD2",2,3,2
"CHORDC1",2,3,2
"FAT3",2,3,2
"SLC36A4",2,3,2
"SMCO4",2,3,2
"SCARNA9",2,3,2
"C11orf54",2,3,2
"TAF1D",2,3,2
"MED17",2,3,2
"PANX1",2,3,2
"GPR83",2,3,2
"ANKRD49",2,3,2
"FUT4",2,3,2
"PIWIL4",2,3,2
"AMOTL1",2,3,2
"CWC15",2,3,2
"KDM4D",2,3,2
"SRSF8",2,3,2
"ENDOD1",2,3,2
"SESN3",2,3,2
"FAM76B",2,3,2
"CEP57",2,3,2
"MTMR2",2,3,2
"MAML2",2,3,2
"CCDC82",2,3,2
"JRKL",2,3,2
"CNTN5",2,3,2
"ARHGAP42",2,3,2
"PGR",2,3,2
"YAP1",2,3,2
"BIRC3",2,3,2
"BIRC2",2,3,2
"TMEM123",2,3,2
"MMP7",2,3,2
"MMP10",2,3,2
"MMP1",2,3,2
"MMP13",2,3,2
"DCUN1D5",2,3,2
"DYNC2H1",2,3,2
"PDGFD",2,3,2
"CASP4",2,3,2
"CASP1",2,3,2
"CARD16",2,3,2
"CARD17",2,3,2
"MSANTD4",2,3,2
"KBTBD3",2,3,2
"AASDHPPT",2,3,2
"GUCY1A2",2,3,2
"CWF19L2",2,3,2
"ALKBH8",2,3,2
"ELMOD1",2,3,2
"SLN",2,3,2
"SLC35F2",2,3,2
"CUL5",2,3,2
"ACAT1",2,3,2
"NPAT",2,3,2
"ATM",2,3,2
"C11orf65",2,3,2
"KDELC2",2,3,2
"EXPH5",2,3,2
"DDX10",2,3,2
"ZC3H12C",2,3,2
"RDX",2,3,2
"FDX1",2,3,2
"ARHGAP20",2,3,2
"C11orf53",2,3,2
"COLCA1",2,3,2
"COLCA2",2,3,2
"POU2AF1",2,3,2
"C11orf88",2,3,2
"LAYN",2,3,2
"SIK2",2,3,2
"PPP2R1B",2,3,2
"ALG9",2,3,2
"FDXACB1",2,3,2
"C11orf1",2,3,2
"HSPB2",2,3,2
"CRYAB",2,3,2
"C11orf52",2,3,2
"DIXDC1",2,3,2
"DLAT",2,3,2
"PIH1D2",2,3,2
"TIMM8B",2,3,2
"SDHD",2,3,2
"IL18",2,3,2
"TEX12",2,3,2
"BCO2",2,3,2
"AP002884.1",2,3,2
"PTS",2,3,2
"PLET1",2,3,2
"NCAM1",2,3,2
"TTC12",2,3,2
"ANKK1",2,3,2
"DRD2",2,3,2
"TMPRSS5",2,3,2
"ZW10",2,3,2
"CLDN25",2,3,2
"USP28",2,3,2
"HTR3B",2,3,2
"HTR3A",2,3,2
"ZBTB16",2,3,2
"NNMT",2,3,2
"C11orf71",2,3,2
"RBM7",2,3,2
"REXO2",2,3,2
"NXPE2",2,3,2
"AP000462.3",2,3,2
"CADM1",2,3,2
"AP000462.1",2,3,2
"AP000997.1",2,3,2
"AP000997.2",2,3,2
"AP000797.3",2,3,2
"LINC00900",2,3,2
"BUD13",2,3,2
"APOA1",2,3,2
"APOA1-AS",2,3,2
"SIK3",2,3,2
"AP000936.1",2,3,2
"PAFAH1B2",2,3,2
"SIDT2",2,3,2
"TAGLN",2,3,2
"PCSK7",2,3,2
"RNF214",2,3,2
"BACE1",2,3,2
"CEP164",2,3,2
"DSCAML1",2,3,2
"FXYD2",2,3,2
"FXYD6-FXYD2",2,3,2
"FXYD6",2,3,2
"TMPRSS13",2,3,2
"IL10RA",2,3,2
"TMPRSS4",2,3,2
"SCN4B",2,3,2
"SCN2B",2,3,2
"MPZL3",2,3,2
"MPZL2",2,3,2
"CD3G",2,3,2
"UBE4A",2,3,2
"KMT2A",2,3,2
"TTC36",2,3,2
"TMEM25",2,3,2
"IFT46",2,3,2
"ARCN1",2,3,2
"PHLDB1",2,3,2
"TREH",2,3,2
"DDX6",2,3,2
"CXCR5",2,3,2
"BCL9L",2,3,2
"UPK2",2,3,2
"FOXR1",2,3,2
"CCDC84",2,3,2
"RPS25",2,3,2
"TRAPPC4",2,3,2
"SLC37A4",2,3,2
"HYOU1",2,3,2
"VPS11",2,3,2
"HMBS",2,3,2
"H2AFX",2,3,2
"DPAGT1",2,3,2
"C2CD2L",2,3,2
"HINFP",2,3,2
"ABCG4",2,3,2
"NLRX1",2,3,2
"PDZD3",2,3,2
"CCDC153",2,3,2
"CBL",2,3,2
"MCAM",2,3,2
"RNF26",2,3,2
"MFRP",2,3,2
"USP2",2,3,2
"THY1",2,3,2
"USP2-AS1",2,3,2
"TRIM29",2,3,2
"OAF",2,3,2
"POU2F3",2,3,2
"TMEM136",2,3,2
"ARHGEF12",2,3,2
"GRIK4",2,3,2
"TBCEL",2,3,2
"TECTA",2,3,2
"SC5D",2,3,2
"SORL1",2,3,2
"BLID",2,3,2
"UBASH3B",2,3,2
"CRTAM",2,3,2
"HSPA8",2,3,2
"CLMP",2,3,2
"GRAMD1B",2,3,2
"SCN3B",2,3,2
"ZNF202",2,3,2
"OR8D4",2,3,2
"OR10G4",2,3,2
"VWA5A",2,3,2
"TBRG1",2,3,2
"SIAE",2,3,2
"SPA17",2,3,2
"NRGN",2,3,2
"VSIG2",2,3,2
"ESAM",2,3,2
"MSANTD2",2,3,2
"AP000866.1",2,3,2
"ROBO3",2,3,2
"ROBO4",2,3,2
"CCDC15",2,3,2
"SLC37A2",2,3,2
"AP001007.1",2,3,2
"TMEM218",2,3,2
"PKNOX2",2,3,2
"FEZ1",2,3,2
"EI24",2,3,2
"STT3A-AS1",2,3,2
"STT3A",2,3,2
"CHEK1",2,3,2
"ACRV1",2,3,2
"PATE2",2,3,2
"HYLS1",2,3,2
"PUS3",2,3,2
"DDX25",2,3,2
"CDON",2,3,2
"RPUSD4",2,3,2
"FAM118B",2,3,2
"FOXRED1",2,3,2
"TIRAP",2,3,2
"DCPS",2,3,2
"ST3GAL4",2,3,2
"KIRREL3",2,3,2
"AP002833.1",2,3,2
"KIRREL3-AS3",2,3,2
"ETS1",2,3,2
"SENCR",2,3,2
"FLI1",2,3,2
"KCNJ1",2,3,2
"C11orf45",2,3,2
"KCNJ5",2,3,2
"TP53AIP1",2,3,2
"ARHGAP32",2,3,2
"BARX2",2,3,2
"TMEM45B",2,3,2
"NFRKB",2,3,2
"PRDM10",2,3,2
"LINC00167",2,3,2
"APLP2",2,3,2
"ST14",2,3,2
"ZBTB44",2,3,2
"ADAMTS8",2,3,2
"ADAMTS15",2,3,2
"C11orf44",2,3,2
"SNX19",2,3,2
"NTM",2,3,2
"OPCML",2,3,2
"SPATA19",2,3,2
"IGSF9B",2,3,2
"AP000911.1",2,3,2
"JAM3",2,3,2
"NCAPD3",2,3,2
"VPS26B",2,3,2
"THYN1",2,3,2
"ACAD8",2,3,2
"GLB1L3",2,3,2
"GLB1L2",2,3,2
"B3GAT1",2,3,2
"AC026369.1",2,2,1
"IQSEC3",2,2,1
"SLC6A12",2,2,1
"SLC6A13",2,2,1
"KDM5A",2,2,1
"CCDC77",2,2,1
"B4GALNT3",2,2,1
"NINJ2",2,2,1
"WNK1",2,2,1
"RAD52",2,2,1
"ERC1",2,2,1
"LINC00942",2,2,1
"FBXL14",2,2,1
"WNT5B",2,2,1
"ADIPOR2",2,2,1
"CACNA2D4",2,2,1
"LINC00940",2,2,1
"DCP1B",2,2,1
"CACNA1C",2,2,1
"CACNA1C-AS2",2,2,1
"CACNA1C-AS1",2,2,1
"FKBP4",2,2,1
"NRIP2",2,2,1
"ITFG2",2,2,1
"AC005841.1",2,2,1
"FOXM1",2,2,1
"RHNO1",2,2,1
"TULP3",2,2,1
"TEAD4",2,2,1
"TSPAN9",2,2,1
"PRMT8",2,2,1
"PARP11",2,2,1
"CCND2",2,2,1
"FGF23",2,2,1
"C12orf4",2,2,1
"RAD51AP1",2,2,1
"DYRK4",2,2,1
"AKAP3",2,2,1
"NDUFA9",2,2,1
"GALNT8",2,2,1
"KCNA5",2,2,1
"NTF3",2,2,1
"ANO2",2,2,1
"VWF",2,2,1
"CD9",2,2,1
"PLEKHG6",2,2,1
"TNFRSF1A",2,2,1
"SCNN1A",2,2,1
"LTBR",2,2,1
"CD27",2,2,1
"TAPBPL",2,2,1
"VAMP1",2,2,1
"MRPL51",2,2,1
"NCAPD2",2,2,1
"GAPDH",2,2,1
"IFFO1",2,2,1
"NOP2",2,2,1
"CHD4",2,2,1
"LPAR5",2,2,1
"ACRBP",2,2,1
"ING4",2,2,1
"ZNF384",2,2,1
"PIANP",2,2,1
"COPS7A",2,2,1
"MLF2",2,2,1
"PTMS",2,2,1
"LAG3",2,2,1
"CD4",2,2,1
"GPR162",2,2,1
"GNB3",2,2,1
"CDCA3",2,2,1
"USP5",2,2,1
"TPI1",2,2,1
"SPSB2",2,2,1
"LRRC23",2,2,1
"ENO2",2,2,1
"ATN1",2,2,1
"C12orf57",2,2,1
"PTPN6",2,2,1
"PHB2",2,2,1
"EMG1",2,2,1
"LPCAT3",2,2,1
"C1S",2,2,1
"C1R",2,2,1
"C1RL",2,2,1
"C1RL-AS1",2,2,1
"RBP5",2,2,1
"CLSTN3",2,2,1
"PEX5",2,2,1
"CD163L1",2,2,1
"GDF3",2,2,1
"DPPA3",2,2,1
"NANOGNB",2,2,1
"NANOG",2,2,1
"SLC2A14",2,2,1
"SLC2A3",2,2,1
"FOXJ2",2,2,1
"C3AR1",2,2,1
"NECAP1",2,2,1
"CLEC4A",2,2,1
"FAM66C",2,2,1
"FAM90A1",2,2,1
"AC092111.1",2,2,1
"AC092745.1",2,2,1
"LINC00937",2,2,1
"CLEC6A",2,2,1
"CLEC4D",2,2,1
"MFAP5",2,2,1
"RIMKLB",2,2,1
"A2ML1-AS1",2,2,1
"A2ML1",2,2,1
"PHC1",2,2,1
"M6PR",2,2,1
"KLRG1",2,2,1
"A2M-AS1",2,2,1
"A2M",2,2,1
"PZP",2,2,1
"LINC00987",2,2,1
"CLEC2D",2,2,1
"CLECL1",2,2,1
"CD69",2,2,1
"KLRF1",2,2,1
"CLEC2B",2,2,1
"CLEC12A",2,2,1
"CLEC9A",2,2,1
"CLEC1A",2,2,1
"CLEC7A",2,2,1
"GABARAPL1",2,2,1
"KLRD1",2,2,1
"KLRC2",2,2,1
"KLRC1",2,2,1
"MAGOHB",2,2,1
"STYK1",2,2,1
"YBX3",2,2,1
"TAS2R8",2,2,1
"TAS2R10",2,2,1
"PRH1",2,2,1
"TAS2R13",2,2,1
"TAS2R50",2,2,1
"TAS2R20",2,2,1
"PRR4",2,2,1
"TAS2R19",2,2,1
"TAS2R31",2,2,1
"TAS2R14",2,2,1
"TAS2R46",2,2,1
"TAS2R43",2,2,1
"TAS2R30",2,2,1
"PRB3",2,2,1
"PRB4",2,2,1
"ETV6",2,2,1
"BCL2L14",2,2,1
"LRP6",2,2,1
"MANSC1",2,2,1
"LOH12CR2",2,2,1
"DUSP16",2,2,1
"CREBL2",2,2,1
"GPR19",2,2,1
"CDKN1B",2,2,1
"APOLD1",2,2,1
"DDX47",2,2,1
"GPRC5A",2,2,1
"HEBP1",2,2,1
"GSG1",2,2,1
"EMP1",2,2,1
"GRIN2B",2,2,1
"ATF7IP",2,2,1
"PLBD1",2,2,1
"GUCY2C",2,2,1
"HIST4H4",2,2,1
"H2AFJ",2,2,1
"WBP11",2,2,1
"ART4",2,2,1
"C12orf60",2,2,1
"MGP",2,2,1
"ERP27",2,2,1
"ARHGDIB",2,2,1
"PDE6H",2,2,1
"RERG",2,2,1
"PTPRO",2,2,1
"EPS8",2,2,1
"STRAP",2,2,1
"DERA",2,2,1
"MGST1",2,2,1
"LMO3",2,2,1
"PLEKHA5",2,2,1
"AEBP2",2,2,1
"PDE3A",2,2,1
"SLCO1C1",2,2,1
"SLCO1B3",2,2,1
"SLCO1A2",2,2,1
"IAPP",2,2,1
"PYROXD1",2,2,1
"RECQL",2,2,1
"GOLT1B",2,2,1
"GYS2",2,2,1
"LDHB",2,2,1
"KCNJ8",2,2,1
"ABCC9",2,2,1
"CMAS",2,2,1
"ST8SIA1",2,2,1
"C2CD5",2,2,1
"ETNK1",2,2,1
"SOX5",2,2,1
"BCAT1",2,2,1
"C12orf77",2,2,1
"LRMP",2,2,1
"CASC1",2,2,1
"KRAS",2,2,1
"AC087239.1",2,2,1
"RASSF8-AS1",2,2,1
"RASSF8",2,2,1
"BHLHE41",2,2,1
"SSPN",2,2,1
"ITPR2",2,2,1
"FGFR1OP2",2,2,1
"AC024896.1",2,2,1
"TM7SF3",2,2,1
"MED21",2,2,1
"STK38L",2,2,1
"ARNTL2",2,2,1
"SMCO2",2,2,1
"PPFIBP1",2,2,1
"REP15",2,2,1
"MRPS35",2,2,1
"MANSC4",2,2,1
"KLHL42",2,2,1
"PTHLH",2,2,1
"CCDC91",2,2,1
"AC012150.1",2,2,1
"FAR2",2,2,1
"ERGIC2",2,2,1
"OVCH1-AS1",2,2,1
"OVCH1",2,2,1
"TMTC1",2,2,1
"IPO8",2,2,1
"CAPRIN2",2,2,1
"LINC00941",2,2,1
"TSPAN11",2,2,1
"DDX11-AS1",2,2,1
"DDX11",2,2,1
"AC024940.1",2,2,1
"DENND5B",2,2,1
"DENND5B-AS1",2,2,1
"AMN1",2,2,1
"H3F3C",2,2,1
"KIAA1551",2,2,1
"BICD1",2,2,1
"FGD4",2,2,1
"DNM1L",2,2,1
"YARS2",2,2,1
"PKP2",2,2,1
"SYT10",2,2,1
"ALG10",2,2,1
"ALG10B",2,2,1
"CPNE8",2,2,1
"AC067735.1",2,2,1
"KIF21A",2,2,1
"ABCD2",2,2,1
"SLC2A13",2,2,1
"LRRK2",2,2,1
"MUC19",2,2,1
"CNTN1",2,2,1
"PDZRN4",2,2,1
"GXYLT1",2,2,1
"YAF2",2,2,1
"ZCRB1",2,2,1
"PPHLN1",2,2,1
"PRICKLE1",2,2,1
"PUS7L",2,2,1
"IRAK4",2,2,1
"TWF1",2,2,1
"TMEM117",2,2,1
"NELL2",2,2,1
"DBX2",2,2,1
"ANO6",2,2,1
"ARID2",2,2,1
"SCAF11",2,2,1
"SLC38A1",2,2,1
"SLC38A2",2,2,1
"SLC38A4",2,2,1
"AMIGO2",2,2,1
"PCED1B",2,2,1
"RPAP3",2,2,1
"ENDOU",2,2,1
"RAPGEF3",2,2,1
"SLC48A1",2,2,1
"AC004466.1",2,2,1
"HDAC7",2,2,1
"VDR",2,2,1
"TMEM106C",2,2,1
"COL2A1",2,2,1
"SENP1",2,2,1
"PFKM",2,2,1
"ASB8",2,2,1
"H1FNT",2,2,1
"ZNF641",2,2,1
"ANP32D",2,2,1
"C12orf54",2,2,1
"OR4K2",4,3,2
"OR11G2",4,3,2
"AL356019.1",4,3,2
"OR11H4",4,3,2
"TTC5",4,3,2
"CCNB1IP1",4,3,2
"PARP2",4,3,2
"TEP1",4,3,2
"KLHL33",4,3,2
"OSGEP",4,3,2
"APEX1",4,3,2
"PNP",4,3,2
"RNASE9",4,3,2
"ANG",4,3,2
"RNASE4",4,3,2
"EDDM3B",4,3,2
"RNASE6",4,3,2
"RNASE1",4,3,2
"METTL17",4,3,2
"SLC39A2",4,3,2
"TPPP2",4,3,2
"RNASE13",4,3,2
"RNASE7",4,3,2
"NDRG2",4,3,2
"RNASE8",4,3,2
"ARHGEF40",4,3,2
"ZNF219",4,3,2
"TMEM253",4,3,2
"OR5AU1",4,3,2
"HNRNPC",4,3,2
"RPGRIP1",4,3,2
"SUPT16H",4,3,2
"CHD8",4,3,2
"RAB2B",4,3,2
"TOX4",4,3,2
"METTL3",4,3,2
"SALL2",4,3,2
"OR10G3",4,3,2
"TRAV3",4,3,2
"TRAV8-2",4,3,2
"TRAV26-2",4,3,2
"TRAV38-2DV8",4,3,2
"TRDC",4,3,2
"TRDV3",4,3,2
"MDGA2",4,3,2
"LINC00648",4,3,2
"RPS29",4,3,2
"AL139099.1",4,3,2
"LRR1",4,3,2
"RPL36AL",4,3,2
"MGAT2",4,3,2
"DNAAF2",4,3,2
"POLE2",4,3,2
"KLHDC1",4,3,2
"KLHDC2",4,3,2
"NEMF",4,3,2
"AL627171.2",4,3,2
"AL627171.1",4,3,2
"ARF6",4,3,2
"VCPKMT",4,3,2
"SOS2",4,3,2
"L2HGDH",4,3,2
"ATP5S",4,3,2
"CDKL1",4,3,2
"MAP4K5",4,3,2
"ATL1",4,1,1
"SAV1",4,1,1
"NIN",4,1,1
"ABHD12B",4,1,1
"PYGL",4,1,1
"WASIR2",3,2,2
"POLR3K",3,2,2
"SNRNP25",3,2,2
"RHBDF1",3,2,2
"MPG",3,2,2
"NPRL3",3,2,2
"HBZ",3,2,2
"HBM",3,2,2
"HBA2",3,2,2
"HBA1",3,2,2
"HBQ1",3,2,2
"LUC7L",3,2,2
"RGS11",3,2,2
"ARHGDIG",3,2,2
"PDIA2",3,2,2
"AXIN1",3,2,2
"MRPL28",3,2,2
"TMEM8A",3,2,2
"NME4",3,2,2
"DECR2",3,2,2
"RAB11FIP3",3,2,2
"CAPN15",3,2,2
"NHLRC4",3,2,2
"PIGQ",3,2,2
"RAB40C",3,2,2
"WFIKKN1",3,2,2
"AL022341.1",3,2,2
"WDR90",3,2,2
"RHOT2",3,2,2
"RHBDL1",3,2,2
"STUB1",3,2,2
"JMJD8",3,2,2
"WDR24",3,2,2
"FBXL16",3,2,2
"METRN",3,2,2
"FAM173A",3,2,2
"CCDC78",3,2,2
"HAGHL",3,2,2
"NARFL",3,2,2
"MSLN",3,2,2
"MSLNL",3,2,2
"RPUSD1",3,2,2
"CHTF18",3,2,2
"GNG13",3,2,2
"PRR25",3,2,2
"LMF1",3,2,2
"AC009041.2",3,2,2
"SOX8",3,2,2
"AC009041.1",3,2,2
"CACNA1H",3,2,2
"TPSAB1",3,2,2
"UBE2I",3,2,2
"BAIAP3",3,2,2
"TSR3",3,2,2
"GNPTG",3,2,2
"UNKL",3,2,2
"C16orf91",3,2,2
"CCDC154",3,2,2
"CLCN7",3,2,2
"TELO2",3,2,2
"TMEM204",3,2,2
"IFT140",3,2,2
"MAPK8IP3",3,2,2
"NME3",3,2,2
"MRPS34",3,2,2
"EME2",3,2,2
"SPSB3",3,2,2
"NUBP2",3,2,2
"IGFALS",3,2,2
"HAGH",3,2,2
"FAHD1",3,2,2
"MEIOB",3,2,2
"HS3ST6",3,2,2
"MSRB1",3,2,2
"RPL3L",3,2,2
"NDUFB10",3,2,2
"RPS2",3,2,2
"SNHG9",3,2,2
"RNF151",3,2,2
"TBL3",3,2,2
"NOXO1",3,2,2
"AC005606.1",3,2,2
"GFER",3,2,2
"SYNGR3",3,2,2
"ZNF598",3,2,2
"NPW",3,2,2
"SLC9A3R2",3,2,2
"NTHL1",3,2,2
"TSC2",3,2,2
"PKD1",3,2,2
"RAB26",3,2,2
"TRAF7",3,2,2
"CASKIN1",3,2,2
"AC009065.3",3,2,2
"MLST8",3,2,2
"BRICD5",3,2,2
"PGP",3,2,2
"E4F1",3,2,2
"DNASE1L2",3,2,2
"ECI1",3,2,2
"AC009065.1",3,2,2
"RNPS1",3,2,2
"ABCA3",3,2,2
"CCNF",3,2,2
"NTN3",3,2,2
"TBC1D24",3,2,2
"ATP6V0C",3,2,2
"AMDHD2",3,2,2
"CEMP1",3,2,2
"PDPK1",3,2,2
"KCTD5",3,2,2
"AC092117.1",3,2,2
"PRSS27",3,2,2
"SRRM2-AS1",3,2,2
"SRRM2",3,2,2
"PRSS33",3,2,2
"PRSS41",3,2,2
"PRSS21",3,2,2
"ZG16B",3,2,2
"PRSS22",3,2,2
"FLYWCH2",3,2,2
"FLYWCH1",3,2,2
"KREMEN2",3,2,2
"PAQR4",3,2,2
"PKMYT1",3,2,2
"CLDN9",3,2,2
"CLDN6",3,2,2
"TNFRSF12A",3,2,2
"HCFC1R1",3,2,2
"THOC6",3,2,2
"MMP25",3,2,2
"IL32",3,2,2
"ZSCAN10",3,2,2
"ZNF205",3,2,2
"ZNF213",3,2,2
"ZNF200",3,2,2
"MEFV",3,2,2
"ZNF263",3,2,2
"TIGD7",3,2,2
"ZNF75A",3,2,2
"MTRNR2L4",3,2,2
"ZSCAN32",3,2,2
"ZNF174",3,2,2
"ZNF597",3,2,2
"NAA60",3,2,2
"C16orf90",3,2,2
"CLUAP1",3,2,2
"NLRC3",3,2,2
"SLX4",3,2,2
"DNASE1",3,2,2
"TRAP1",3,2,2
"CREBBP",3,2,2
"ADCY9",3,2,2
"SRL",3,2,2
"TFAP4",3,2,2
"GLIS2",3,2,2
"PAM16",3,2,2
"VASN",3,2,2
"CORO7-PAM16",3,2,2
"CORO7",3,2,2
"DNAJA3",3,2,2
"NMRAL1",3,2,2
"HMOX2",3,2,2
"CDIP1",3,2,2
"C16orf96",3,2,2
"UBALD1",3,2,2
"MGRN1",3,2,2
"NUDT16L1",3,2,2
"ANKS3",3,2,2
"C16orf71",3,2,2
"ZNF500",3,2,2
"SEPT12",3,2,2
"SMIM22",3,2,2
"ROGDI",3,2,2
"GLYR1",3,2,2
"UBN1",3,2,2
"PPL",3,2,2
"SEC14L5",3,2,2
"NAGPA",3,2,2
"C16orf89",3,2,2
"ALG1",3,2,2
"RBFOX1",3,2,2
"METTL22",3,2,2
"ABAT",3,2,2
"TMEM186",3,2,2
"PMM2",3,2,2
"CARHSP1",3,2,2
"USP7",3,2,2
"C16orf72",3,2,2
"GRIN2A",3,2,2
"ATF7IP2",3,2,2
"EMP2",3,2,2
"TEKT5",3,2,2
"NUBP1",3,2,2
"TVP23A",3,2,2
"CIITA",3,2,2
"DEXI",3,2,2
"CLEC16A",3,2,2
"SOCS1",3,2,2
"RMI2",3,2,2
"LITAF",3,2,2
"SNN",3,2,2
"TXNDC11",3,2,2
"ZC3H7A",3,2,2
"BCAR4",3,2,2
"RSL1D1",3,2,2
"GSPT1",3,2,2
"TNFRSF17",3,2,2
"AC007216.2",3,2,2
"SNX29",3,2,2
"CPPED1",3,2,2
"SHISA9",3,2,2
"U91319.1",3,2,2
"ERCC4",3,2,2
"MKL2",3,2,2
"PARN",3,2,2
"BFAR",3,2,2
"PLA2G10",3,2,2
"NPIPA3",3,2,2
"NPIPA2",3,2,2
"NOMO1",3,2,2
"NPIPA1",3,2,2
"NTAN1",3,2,2
"PDXDC1",3,2,2
"RRN3",3,2,2
"AC126763.1",3,2,2
"NPIPA5",3,2,2
"MPV17L",3,2,2
"C16orf45",3,2,2
"NDE1",3,2,2
"MYH11",3,2,2
"FOPNL",3,2,2
"ABCC1",3,2,2
"ABCC6",3,2,2
"NOMO3",3,2,2
"NPIPA7",3,2,2
"XYLT1",3,2,2
"NOMO2",3,2,2
"RPS15A",3,2,2
"ARL6IP1",3,2,2
"SMG1",3,2,2
"AC092287.1",3,2,2
"TMC7",3,2,2
"COQ7",3,2,2
"ITPRIPL2",3,2,2
"SYT17",3,2,2
"CLEC19A",3,2,2
"TMC5",3,2,2
"GDE1",3,2,2
"CCP110",3,2,2
"KNOP1",3,2,2
"IQCK",3,2,2
"GPRC5B",3,2,2
"ACSM5",3,2,2
"ACSM2A",3,2,2
"ACSM2B",3,2,2
"ACSM1",3,2,2
"ACSM3",3,2,2
"THUMPD1",3,2,2
"ERI2",3,2,2
"DCUN1D3",3,2,2
"LYRM1",3,2,2
"DNAH3",3,2,2
"TMEM159",3,2,2
"CRYM",3,2,2
"NPIPB3",3,2,2
"METTL9",3,2,2
"IGSF6",3,2,2
"OTOA",3,2,2
"NPIPB4",3,2,2
"UQCRC2",3,2,2
"VWA3A",3,2,2
"SDR42E2",3,2,2
"EEF2K",3,2,2
"POLR3E",3,2,2
"CDR2",3,2,2
"NPIPB5",3,2,2
"HS3ST2",3,2,2
"USP31",3,2,2
"SCNN1G",3,2,2
"SCNN1B",3,2,2
"COG7",3,2,2
"GGA2",3,2,2
"EARS2",3,2,2
"UBFD1",3,2,2
"NDUFAB1",3,2,2
"PALB2",3,2,2
"DCTN5",3,2,2
"PLK1",3,2,2
"ERN2",3,2,2
"CHP2",3,2,2
"PRKCB",3,2,2
"AC008938.1",3,2,2
"RBBP6",3,2,2
"TNRC6A",3,2,2
"SLC5A11",3,2,2
"AC008731.1",3,2,2
"ARHGAP17",3,2,2
"LCMT1",3,2,2
"AQP8",3,2,2
"ZKSCAN2",3,2,2
"C16orf82",3,2,2
"KDM8",3,2,2
"NSMCE1",3,2,2
"IL4R",3,2,2
"IL21R-AS1",3,2,2
"GTF3C1",3,2,2
"KIAA0556",3,2,2
"GSG1L",3,2,2
"PIK3C3",5,4,3
"LINC00907",5,4,3
"RIT2",5,4,3
"SYT4",5,4,3
"SETBP1",5,4,3
"SLC14A2",5,4,3
"SLC14A1",5,4,3
"SIGLEC15",5,4,3
"EPG5",5,4,3
"PSTPIP2",5,4,3
"HAUS1",5,4,3
"C18orf25",5,4,3
"RNF165",5,4,3
"ST8SIA5",5,2,2
"PIAS2",5,2,2
"C19orf57",2,2,3
"CC2D1A",2,2,3
"PODNL1",2,2,3
"DCAF15",2,2,3
"RFX1",2,2,3
"IL27RA",2,2,3
"PALM3",2,2,3
"C19orf67",2,2,3
"SAMD1",2,2,3
"PRKACA",2,2,3
"ASF1B",2,2,3
"DDX39A",2,2,3
"PKN1",2,2,3
"PTGER1",2,2,3
"GIPC1",2,2,3
"DNAJB1",2,2,3
"TECR",2,2,3
"NDUFB7",2,2,3
"ZNF333",2,2,3
"OR7C1",2,2,3
"OR7A5",2,2,3
"OR7A17",2,2,3
"SLC1A6",2,2,3
"OR1I1",2,2,3
"SYDE1",2,2,3
"ILVBL",2,2,3
"AC003956.1",2,2,3
"NOTCH3",2,2,3
"EPHX3",2,2,3
"BRD4",2,2,3
"AKAP8",2,2,3
"AKAP8L",2,2,3
"WIZ",2,2,3
"RASAL3",2,2,3
"CYP4F8",2,2,3
"CYP4F3",2,2,3
"CYP4F12",2,2,3
"OR10H1",2,2,3
"UCA1",2,2,3
"CYP4F11",2,2,3
"TPM4",2,2,3
"RAB8A",2,2,3
"HSH2D",2,2,3
"CIB3",2,2,3
"FAM32A",2,2,3
"AP1M1",2,2,3
"KLF2",2,2,3
"EPS15L1",2,2,3
"CALR3",2,2,3
"C19orf44",2,2,3
"CHERP",2,2,3
"SLC35E1",2,2,3
"MED26",2,2,3
"SMIM7",2,2,3
"TMEM38A",2,2,3
"NWD1",2,2,3
"SIN3B",2,2,3
"F2RL3",2,2,3
"CPAMD8",2,2,3
"HAUS8",2,2,3
"MYO9B",2,2,3
"USE1",2,2,3
"OCEL1",2,2,3
"NR2F6",2,2,3
"USHBP1",2,2,3
"BABAM1",2,2,3
"ANKLE1",2,2,3
"MRPL34",2,2,3
"ABHD8",2,2,3
"DDA1",2,2,3
"ANO8",2,2,3
"GTPBP3",2,2,3
"PLVAP",2,2,3
"BST2",2,2,3
"MVB12A",2,2,3
"TMEM221",2,2,3
"NXNL1",2,2,3
"SLC27A1",2,2,3
"PGLS",2,2,3
"FAM129C",2,2,3
"COLGALT1",2,2,3
"UNC13A",2,2,3
"MAP1S",2,2,3
"FCHO1",2,2,3
"B3GNT3",2,2,3
"INSL3",2,2,3
"JAK3",2,2,3
"RPL18A",2,2,3
"SLC5A5",2,2,3
"CCDC124",2,2,3
"KCNN1",2,2,3
"ARRDC2",2,2,3
"IL12RB1",2,2,3
"MAST3",2,2,3
"PIK3R2",2,2,3
"IFI30",2,2,3
"MPV17L2",2,2,3
"RAB3A",2,2,3
"PDE4C",2,2,3
"JUND",2,2,3
"LSM4",2,2,3
"PGPEP1",2,2,3
"GDF15",2,2,3
"LRRC25",2,2,3
"AC008397.1",2,2,3
"SSBP4",2,2,3
"ISYNA1",2,2,3
"ELL",2,2,3
"FKBP8",2,2,3
"KXD1",2,2,3
"UBA52",2,2,3
"CRLF1",2,2,3
"TMEM59L",2,2,3
"KLHL26",2,2,3
"CRTC1",2,2,3
"COMP",2,2,3
"UPF1",2,2,3
"CERS1",2,2,3
"COPE",2,2,3
"DDX49",2,2,3
"HOMER3",2,2,3
"SUGP2",2,2,3
"ARMC6",2,2,3
"SLC25A42",2,2,3
"TMEM161A",2,2,3
"MEF2B",2,2,3
"RFXANK",2,2,3
"NR2C2AP",2,2,3
"NCAN",2,2,3
"HAPLN4",2,2,3
"TM6SF2",2,2,3
"SUGP1",2,2,3
"MAU2",2,2,3
"GATAD2A",2,2,3
"TSSK6",2,2,3
"NDUFA13",2,2,3
"YJEFN3",2,2,3
"CILP2",2,2,3
"PBX4",2,2,3
"AC002306.1",2,2,3
"LPAR2",2,2,3
"GMIP",2,2,3
"ATP13A1",2,2,3
"ZNF101",2,2,3
"ZNF14",2,2,3
"LINC00663",2,2,3
"ZNF506",2,2,3
"ZNF253",2,2,3
"ZNF93",2,2,3
"ZNF682",2,2,3
"ZNF90",2,2,3
"ZNF486",2,2,3
"ZNF737",2,2,3
"ZNF626",2,2,3
"ZNF66",2,2,3
"AC010329.1",2,2,3
"ZNF85",2,2,3
"ZNF430",2,2,3
"ZNF714",2,2,3
"ZNF431",2,2,3
"ZNF708",2,2,3
"ZNF738",2,2,3
"ZNF493",2,2,3
"LINC00664",2,2,3
"ZNF429",2,2,3
"ZNF100",2,2,3
"ZNF43",2,2,3
"ZNF208",2,2,3
"ZNF257",2,2,3
"ZNF676",2,2,3
"ZNF729",2,2,3
"AC025811.1",2,2,3
"ZNF98",2,2,3
"ZNF492",2,2,3
"ZNF99",2,2,3
"ZNF723",2,2,3
"ZNF728",2,2,3
"ZNF730",2,2,3
"AC092329.1",2,2,3
"ZNF91",2,2,3
"ZNF675",2,2,3
"ZNF681",2,2,3
"ZNF726",2,2,3
"ZNF254",2,2,3
"LINC00662",2,2,3
"AC005307.1",2,2,3
"AC005616.1",2,2,3
"AC011524.1",2,2,3
"AC011524.2",2,2,3
"LINC00906",2,2,3
"UQCRFS1",2,2,3
"POP4",2,2,3
"PLEKHF1",2,2,3
"C19orf12",2,2,3
"CCNE1",2,2,3
"URI1",2,2,3
"FHIT",2,1,1
"PTPRG",2,2,1
"C3orf14",2,2,1
"CADPS",2,2,1
"SYNPR",2,2,1
"SYNPR-AS1",2,2,1
"SNTN",2,2,1
"THOC7",2,2,1
"ATXN7",2,2,1
"PSMD6-AS2",2,2,1
"PSMD6",2,2,1
"PRICKLE2-AS3",2,2,1
"PRICKLE2",2,2,1
"ADAMTS9",2,2,1
"ADAMTS9-AS2",2,2,1
"MAGI1",2,2,1
"MAGI1-AS1",2,2,1
"SLC25A26",2,2,1
"LRIG1",2,2,1
"KBTBD8",2,2,1
"SUCLG2",2,2,1
"FAM19A1",2,2,1
"FAM19A4",2,2,1
"EOGT",2,2,1
"TMF1",2,2,1
"UBA3",2,2,1
"ARL6IP5",2,2,1
"LMOD3",2,2,1
"FRMD4B",2,2,1
"MITF",2,2,1
"FOXP1",2,2,1
"FOXP1-AS1",2,2,1
"EIF4E3",2,2,1
"GPR27",2,2,1
"PROK2",2,2,1
"LINC00877",2,3,1
"LINC00870",2,3,1
"RYBP",2,3,1
"SHQ1",2,3,1
"GXYLT2",2,3,1
"PPP4R2",2,3,1
"EBLN2",2,3,1
"PDZRN3",2,3,1
"PDZRN3-AS1",2,3,1
"CNTN3",2,3,1
"LINC00960",2,3,2
"ZNF717",2,3,2
"ROBO2",2,3,2
"ROBO1",2,3,2
"GBE1",2,3,2
"LINC00971",2,3,2
"CADM2",2,3,2
"VGLL3",2,3,2
"CHMP2B",2,3,2
"HTR1F",2,3,2
"CGGBP1",2,3,2
"ZNF654",2,3,2
"C3orf38",2,3,2
"EPHA3",2,3,2
"CLDND1",2,3,2
"CPOX",2,3,2
"ST3GAL6-AS1",2,3,2
"ST3GAL6",2,3,2
"DCBLD2",2,3,2
"LINC00973",2,3,2
"COL8A1",2,3,2
"FILIP1L",2,3,2
"CMSS1",2,3,2
"TBC1D23",2,3,2
"NIT2",2,3,2
"LNP1",2,3,2
"TMEM45A",2,3,2
"TFG",2,3,2
"ABI3BP",2,3,2
"IMPG2",2,3,2
"SENP7",2,3,2
"TRMT10C",2,3,2
"PCNP",2,3,2
"ZBTB11",2,3,2
"ZBTB11-AS1",2,3,2
"RPL24",2,3,2
"CEP97",2,3,2
"NXPE3",2,3,2
"NFKBIZ",2,3,2
"ALCAM",2,3,2
"CBLB",2,3,2
"LINC00882",2,3,2
"AC063944.1",2,3,2
"BBX",2,3,2
"LINC00635",2,3,2
"LINC00636",2,3,2
"CD47",2,3,2
"IFT57",2,3,2
"HHLA2",2,3,2
"MYH15",2,3,2
"DZIP3",2,3,2
"RETNLB",2,3,2
"TRAT1",2,3,2
"MORC1",2,3,2
"LINC00488",2,3,2
"DPPA2",2,3,2
"DPPA4",2,3,2
"CD96",2,3,2
"ZBED2",2,3,2
"PLCXD2",2,3,2
"PHLDB2",2,3,2
"ABHD10",2,3,2
"TMPRSS7",2,3,2
"C3orf52",2,3,2
"GCSAM",2,3,2
"SLC9C1",2,3,2
"CD200",2,3,2
"BTLA",2,3,2
"ATG3",2,3,2
"SLC35A5",2,3,2
"CCDC80",2,3,2
"CD200R1",2,3,2
"GTPBP8",2,3,2
"AC078785.1",2,3,2
"BOC",2,3,2
"SPICE1",2,3,2
"SIDT1",2,3,2
"SIDT1-AS1",2,3,2
"NAA50",2,3,2
"ATP6V1A",2,3,2
"GRAMD1C",2,3,2
"ZDHHC23",2,3,2
"ZNF80",2,3,2
"TIGIT",2,3,2
"ZBTB20-AS2",2,3,2
"ZBTB20",2,3,2
"ZBTB20-AS4",2,3,2
"LSAMP",2,3,2
"IGSF11",2,3,2
"UPK1B",2,3,2
"B4GALT4",2,3,2
"ARHGAP31",2,3,2
"TMEM39A",2,3,2
"POGLUT1",2,3,2
"TIMMDC1",2,3,2
"ADPRH",2,3,2
"PLA1A",2,3,2
"POPDC2",2,3,2
"COX17",2,3,2
"MAATS1",2,3,2
"NR1I2",2,3,2
"GSK3B",2,3,2
"GPR156",2,3,2
"LRRC58",2,3,2
"FSTL1",2,3,2
"NDUFB4",2,3,2
"HGD",2,3,2
"RABL3",2,3,2
"GTF2E1",2,3,2
"POLQ",2,3,2
"HCLS1",2,3,2
"GOLGB1",2,3,2
"IQCB1",2,3,2
"EAF2",2,3,2
"SLC15A2",2,3,2
"ILDR1",2,3,2
"CD86",2,3,2
"CSTA",2,3,2
"CCDC58",2,3,2
"FAM162A",2,3,2
"WDR5B",2,3,2
"KPNA1",2,3,2
"PARP9",2,3,2
"DTX3L",2,3,2
"PARP15",2,3,2
"PARP14",2,3,2
"HSPBAP1",2,3,2
"DIRC2",2,3,2
"SEMA5B",2,3,2
"PDIA5",2,3,2
"SEC22A",2,3,2
"ADCY5",2,3,2
"MYLK-AS1",2,3,2
"MYLK",2,3,2
"CCDC14",2,3,2
"KALRN",2,3,2
"UMPS",2,3,2
"ITGB5",2,3,2
"MUC13",2,3,2
"HEG1",2,3,2
"SLC12A8",2,3,2
"ZNF148",2,3,2
"SNX4",2,3,2
"OSBPL11",2,3,2
"ALG1L",2,3,2
"ROPN1B",2,3,2
"SLC41A3",2,3,2
"ALDH1L1-AS1",2,3,2
"ALDH1L1",2,3,2
"KLF15",2,3,2
"ZXDC",2,3,2
"UROC1",2,3,2
"TXNRD3",2,3,2
"CHCHD6",2,3,2
"PLXNA1",2,3,2
"TPRA1",2,3,2
"MCM2",2,3,2
"PODXL2",2,3,2
"ABTB1",2,3,2
"MGLL",2,3,2
"KBTBD12",2,3,2
"SEC61A1",2,3,2
"RUVBL1",2,3,2
"EEFSEC",2,3,2
"GATA2",2,3,2
"RPN1",2,3,2
"RAB7A",2,3,2
"ACAD9",2,3,2
"KIAA1257",2,3,2
"EFCC1",2,3,2
"RAB43",2,3,2
"ISY1",2,3,2
"CNBP",2,3,2
"COPG1",2,3,2
"HMCES",2,3,2
"H1FX",2,3,2
"H1FX-AS1",2,3,2
"EFCAB12",2,3,2
"MBD4",2,3,2
"IFT122",2,3,2
"RHO",2,3,2
"PLXND1",2,3,2
"TMCC1",2,3,2
"TMCC1-AS1",2,3,2
"TRH",2,3,2
"ALG1L2",2,3,2
"COL6A6",2,3,2
"PIK3R4",2,3,2
"ATP2C1",2,3,2
"ASTE1",2,3,2
"NEK11",2,3,2
"NUDT16",2,3,2
"MRPL3",2,3,2
"CPNE4",2,3,2
"ACPP",2,3,2
"DNAJC13",2,3,2
"ACKR4",2,3,2
"ACAD11",2,3,2
"NPHP3",2,3,2
"UBA5",2,3,2
"NPHP3-AS1",2,3,2
"TMEM108",2,3,2
"BFSP2",2,3,2
"BFSP2-AS1",2,3,2
"CDV3",2,3,2
"TOPBP1",2,3,2
"TF",2,3,2
"SRPRB",2,3,2
"RAB6B",2,3,2
"C3orf36",2,3,2
"SLCO2A1",2,3,2
"RYK",2,3,2
"AMOTL2",2,3,2
"AC010207.1",2,3,2
"ANAPC13",2,3,2
"CEP63",2,3,2
"EPHB1",2,3,2
"PPP2R3A",2,3,2
"MSL2",2,3,2
"PCCB",2,3,2
"STAG1",2,3,2
"SLC35G2",2,3,2
"NCK1",2,3,2
"IL20RB",2,3,2
"SOX14",2,3,2
"CLDN18",2,3,2
"DZIP1L",2,3,2
"DBR1",2,3,2
"ARMC8",2,3,2
"NME9",2,3,2
"MRAS",2,3,2
"ESYT3",2,3,2
"CEP70",2,3,2
"FAIM",2,3,2
"PIK3CB",2,3,2
"FOXL2",2,3,2
"PRR23C",2,3,2
"BPESC1",2,3,2
"MRPS22",2,3,2
"COPB2",2,3,2
"RBP2",2,3,2
"AC097103.1",2,3,2
"RBP1",2,3,2
"NMNAT3",2,3,2
"CLSTN2",2,3,2
"CLSTN2-AS1",2,3,2
"SLC25A36",2,3,2
"SPSB4",2,3,2
"ZBTB38",2,3,2
"RASA2",2,3,2
"RNF7",2,3,2
"GRK7",2,3,2
"ATP1B3",2,3,2
"ATP1B3-AS1",2,3,2
"TFDP2",2,3,2
"GK5",2,3,2
"XRN1",2,3,2
"ATR",2,3,2
"PLS1",2,3,2
"TRPC1",2,3,2
"PCOLCE2",2,3,2
"PAQR9",2,3,2
"U2SURP",2,3,2
"CHST2",2,3,2
"SLC9A9",2,3,2
"C3orf58",2,3,2
"PLOD2",2,3,2
"PLSCR4",2,3,2
"PLSCR2",2,3,2
"PLSCR1",2,3,2
"CPB1",2,3,2
"GYG1",2,3,2
"HLTF",2,3,2
"HPS3",2,3,2
"CP",2,3,2
"TM4SF18",2,3,2
"TM4SF1",2,3,2
"TM4SF1-AS1",2,3,2
"TM4SF4",2,3,2
"WWTR1",2,3,2
"WWTR1-AS1",2,3,2
"COMMD2",2,3,2
"ANKUB1",2,3,2
"RNF13",2,3,2
"AC117395.1",2,3,2
"PFN2",2,3,2
"TSC22D2",2,3,2
"EIF2A",2,3,2
"SERP1",2,3,2
"SIAH2",2,3,2
"SIAH2-AS1",2,3,2
"GPR171",2,3,2
"MED12L",2,3,2
"GPR87",2,3,2
"IGSF10",2,3,2
"AADAC",2,3,2
"SUCNR1",2,3,2
"MBNL1-AS1",2,3,2
"MBNL1",2,3,2
"P2RY1",2,3,2
"RAP2B",2,3,2
"ARHGEF26",2,3,2
"DHX36",2,3,2
"MME",2,3,2
"PLCH1",2,3,2
"C3orf33",2,3,2
"SLC33A1",2,3,2
"GMPS",2,3,2
"KCNAB1",2,3,2
"SSR3",2,3,2
"TIPARP-AS1",2,3,2
"TIPARP",2,3,2
"LINC00886",2,3,2
"LEKR1",2,3,2
"LINC00880",2,3,2
"CCNL1",2,3,2
"VEPH1",2,3,2
"PTX3",2,3,2
"SHOX2",2,3,2
"RSRC1",2,3,2
"MLF1",2,3,2
"LXN",2,3,2
"GFM1",2,3,2
"RARRES1",2,3,2
"MFSD1",2,3,2
"IQCJ",2,3,2
"IQCJ-SCHIP1",2,3,2
"IQCJ-SCHIP1-AS1",2,3,2
"SCHIP1",2,3,2
"IL12A",2,3,2
"IL12A-AS1",2,3,2
"C3orf80",2,3,2
"IFT80",2,3,2
"SMC4",2,3,2
"TRIM59",2,3,2
"KPNA4",2,3,2
"ARL14",2,3,2
"PPM1L",2,3,2
"B3GALNT1",2,3,2
"NMD3",2,3,2
"SPTSSB",2,3,2
"BCHE",2,3,2
"ZBBX",2,3,2
"SERPINI2",2,3,2
"WDR49",2,3,2
"PDCD10",2,3,2
"SERPINI1",2,3,2
"GOLIM4",2,3,2
"MECOM",2,3,2
"TERC",2,3,2
"ACTRT3",2,3,2
"MYNN",2,3,2
"LRRC34",2,3,2
"SEC62-AS1",2,3,2
"SEC62",2,3,2
"GPR160",2,3,2
"PHC3",2,3,2
"PRKCI",2,3,2
"SKIL",2,3,2
"SLC7A14",2,3,2
"CLDN11",2,3,2
"RPL22L1",2,3,2
"EIF5A2",2,3,2
"TNIK",2,3,2
"PLD1",2,3,2
"TMEM212",2,3,2
"FNDC3B",2,3,2
"TNFSF10",2,3,2
"NCEH1",2,3,2
"ECT2",2,3,2
"NLGN1",2,3,2
"NAALADL2",2,4,2
"TBL1XR1",2,4,2
"LINC00501",2,4,2
"LINC00578",2,4,2
"KCNMB2",2,4,2
"ZMAT3",2,4,2
"PIK3CA",2,4,2
"KCNMB3",2,4,2
"ZNF639",2,4,2
"MFN1",2,4,2
"AC007620.3",2,4,2
"GNB4",2,4,2
"ACTL6A",2,4,2
"MRPL47",2,4,2
"NDUFB5",2,4,2
"AC090425.1",2,4,2
"USP13",2,4,2
"PEX5L",2,4,2
"TTC14",2,4,2
"FXR1",2,4,2
"DNAJC19",2,4,2
"SOX2",2,4,2
"ATP11B",2,4,2
"DCUN1D1",2,4,2
"MCCC1-AS1",2,4,2
"MCCC1",2,4,2
"LAMP3",2,4,2
"B3GNT5",2,4,2
"MCF2L2",3,5,2
"KLHL6",3,5,2
"KLHL24",3,5,2
"YEATS2",3,5,2
"AC131160.1",3,5,2
"YEATS2-AS1",3,5,2
"PARL",3,5,2
"ABCC5",3,5,2
"HTR3D",3,5,2
"HTR3E-AS1",3,5,2
"HTR3E",3,5,2
"DVL3",3,5,2
"AP2M1",3,5,2
"ABCF3",3,5,2
"VWA5B2",3,5,2
"ALG3",3,5,2
"CAMK2N2",3,5,2
"PSMD2",3,5,2
"EIF4G1",3,5,2
"FAM131A",3,5,2
"CLCN2",3,5,2
"POLR2H",3,5,2
"CHRD",3,5,2
"EIF2B5",3,5,2
"EPHB3",3,5,2
"MAGEF1",3,5,2
"VPS8",3,5,2
"C3orf70",3,5,2
"EHHADH",3,5,2
"MAP3K13",3,5,2
"TMEM41A",3,5,2
"LIPH",3,5,2
"SENP2",3,5,2
"IGF2BP2",3,5,2
"TRA2B",3,5,2
"ETV5",3,5,2
"DGKG",3,5,2
"CRYGS",3,5,2
"TBCCD1",3,5,2
"DNAJB11",3,5,2
"AHSG",3,5,2
"HRG",3,5,2
"EIF4A2",3,5,2
"RFC4",3,5,2
"ADIPOQ",3,5,2
"ADIPOQ-AS1",3,5,2
"ST6GAL1",3,5,2
"RPL39L",3,5,2
"RTP1",3,5,2
"MASP1",3,5,2
"RTP4",3,5,2
"SST",3,5,2
"BCL6",3,5,2
"LPP-AS2",3,5,2
"LPP",3,5,2
"TPRG1-AS1",3,5,2
"TPRG1",3,5,2
"TP63",3,5,2
"CLDN1",3,5,2
"CLDN16",3,5,2
"IL1RAP",3,5,2
"GMNC",3,5,3
"OSTN-AS1",3,5,3
"OSTN",3,5,3
"UTS2B",3,5,3
"CCDC50",3,5,3
"FGF12",3,5,3
"FGF12-AS3",3,5,3
"MB21D2",3,5,3
"HRASLS",3,5,3
"ATP13A5-AS1",3,5,3
"ATP13A4",3,5,3
"OPA1-AS1",3,5,3
"OPA1",3,5,3
"HES1",3,5,3
"LINC00887",3,5,3
"GP5",3,5,3
"ATP13A3",3,5,3
"LINC00884",3,5,3
"TMEM44-AS1",3,5,3
"TMEM44",3,5,3
"AC046143.2",3,5,3
"LSG1",3,5,3
"AC046143.1",3,5,3
"FAM43A",3,5,3
"XXYLT1-AS2",3,5,3
"XXYLT1",3,5,3
"ACAP2",3,5,3
"PPP1R2",3,5,3
"APOD",3,5,3
"AC069213.1",3,5,3
"MUC20",3,5,3
"MUC4",3,5,3
"TNK2",3,5,3
"TNK2-AS1",3,5,3
"TFRC",3,5,3
"LINC00885",3,5,3
"ZDHHC19",3,5,3
"SLC51A",3,5,3
"PCYT1A",3,5,3
"TCTEX1D2",3,5,3
"TM4SF19-AS1",3,5,3
"TM4SF19",3,5,3
"UBXN7",3,5,3
"UBXN7-AS1",3,5,3
"AC117490.2",3,5,3
"RNF168",3,5,3
"WDR53",3,5,3
"FBXO45",3,5,3
"LINC01063",3,5,3
"NRROS",3,5,3
"PIGX",3,5,3
"CEP19",3,5,3
"PAK2",3,5,3
"SENP5",3,5,3
"NCBP2",3,5,3
"NCBP2-AS1",3,5,3
"NCBP2-AS2",3,5,3
"PIGZ",3,5,3
"DLG1",3,5,3
"DLG1-AS1",3,5,3
"AC128709.1",3,5,3
"BDH1",3,5,3
"AC024560.3",3,5,3
"FYTTD1",3,5,3
"AC055764.1",3,5,3
"LRCH3",3,5,3
"IQCG",3,5,3
"RPL35A",3,5,3
"LMLN",3,5,3
"MTTP",2,2,1
"DAPP1",2,2,1
"LAMTOR3",2,2,1
"DNAJB14",2,2,1
"H2AFZ",2,2,1
"DDIT4L",2,2,1
"EMCN",2,2,1
"PPP3CA",2,2,1
"AP001816.1",2,2,1
"BANK1",2,2,1
"SLC39A8",2,2,1
"NFKB1",2,2,1
"AF213884.3",2,2,1
"MANBA",2,2,1
"UBE2D3",2,2,1
"CISD2",2,2,1
"SLC9B1",2,2,1
"SLC9B2",2,2,1
"BDH2",2,2,1
"CENPE",2,2,1
"CXXC4",2,2,1
"AC004069.1",2,2,1
"TET2",2,2,1
"PPA2",2,2,1
"ARHGEF38",2,2,1
"GSTCD",2,2,1
"INTS12",2,2,1
"NPNT",2,2,1
"TBCK",2,2,1
"AIMP1",2,2,1
"DKK2",2,2,1
"PAPSS1",2,2,1
"SGMS2",2,2,1
"CYP2U1",2,2,1
"HADH",2,2,1
"LEF1",2,2,1
"RPL34-AS1",2,2,1
"RPL34",2,2,1
"OSTC",2,2,1
"ETNPPL",2,2,1
"COL25A1",2,2,1
"SEC24B-AS1",2,2,1
"SEC24B",2,2,1
"CASP6",2,2,1
"PLA2G12A",2,2,1
"CFI",2,2,1
"GAR1",2,2,1
"RRH",2,2,1
"LRIT3",2,2,1
"EGF",2,2,1
"ELOVL6",2,2,1
"ENPEP",2,2,1
"PITX2",2,2,1
"AP1AR",2,2,1
"TIFA",2,2,1
"ALPK1",2,2,1
"LARP7",2,2,1
"ANK2",2,2,1
"CAMK2D",2,2,1
"ARSJ",2,2,1
"UGT8",2,2,1
"TRAM1L1",2,2,1
"NDST3",2,2,1
"SNHG8",2,2,1
"PRSS12",2,2,1
"METTL14",2,2,1
"SEC24D",2,2,1
"SYNPO2",2,2,1
"MYOZ2",2,2,1
"USP53",2,2,1
"C4orf3",2,2,1
"PDE5A",2,2,1
"MAD2L1",2,2,1
"PRDM5",2,2,1
"NDNF",2,2,1
"TNIP3",2,2,1
"QRFPR",2,2,1
"ANXA5",2,2,1
"TMEM155",2,2,1
"AC079341.1",2,2,1
"EXOSC9",2,2,1
"CCNA2",2,2,1
"BBS7",2,2,1
"TRPC3",2,2,1
"KIAA1109",2,2,1
"BBS12",2,2,1
"FGF2",2,2,1
"NUDT6",2,2,1
"SPATA5",2,2,1
"SPRY1",2,2,1
"LINC01091",2,2,1
"ANKRD50",2,2,1
"FAT4",2,2,1
"INTU",2,2,1
"SLC25A31",2,2,1
"HSPA4L",2,2,1
"PLK4",2,2,1
"MFSD8",2,2,1
"LARP1B",2,2,1
"PGRMC2",2,2,1
"JADE1",2,2,1
"SCLT1",2,2,1
"C4orf33",2,2,1
"PCDH10",2,2,1
"PABPC4L",2,2,1
"PCDH18",2,2,1
"SLC7A11",2,2,1
"LINC00500",2,2,1
"ELF2",3,2,2
"MGARP",3,2,2
"NDUFC1",3,2,2
"NAA15",3,2,2
"RAB33B",3,2,2
"SETD7",3,2,2
"MGST2",3,2,2
"MAML3",3,2,2
"SCOC",3,2,2
"CLGN",3,2,2
"ELMOD2",3,2,2
"UCP1",3,2,2
"TBC1D9",3,2,2
"RNF150",3,2,2
"ZNF330",3,2,2
"IL15",3,2,2
"INPP4B",3,2,2
"USP38",3,2,2
"GAB1",3,2,2
"SMARCA5-AS1",3,2,2
"SMARCA5",3,2,2
"FREM3",3,2,2
"GYPB",3,2,2
"GYPA",3,2,2
"HHIP-AS1",4,3,3
"HHIP",4,3,3
"ANAPC10",4,3,3
"ABCE1",4,3,3
"OTUD4",4,3,3
"SMAD1-AS2",4,3,3
"SMAD1-AS1",4,3,3
"SMAD1",4,3,3
"MMAA",4,3,3
"C4orf51",4,3,3
"ZNF827",4,3,3
"LSM6",4,3,3
"SLC10A7",4,3,3
"TTC29",4,3,3
"EDNRA",4,3,3
"TMEM184C",4,3,3
"ARHGAP10",4,3,3
"NR3C2",4,3,3
"DCLK2",4,3,3
"MAB21L2",4,3,3
"AC110813.1",4,3,3
"LRBA",4,3,3
"RPS3A",4,3,3
"SH3D19",4,3,3
"PRSS48",4,3,3
"FAM160A1",4,3,3
"FBXW7",4,3,3
"PIK3R1",2,1,2
"SLC30A5",2,1,2
"CCNB1",2,1,2
"CENPH",2,1,2
"MRPS36",2,1,2
"CDK7",2,1,2
"CCDC125",2,1,2
"TAF9",2,1,2
"RAD17",2,1,2
"MARVELD2",2,1,2
"OCLN",2,1,2
"GTF2H2C",2,1,2
"SERF1B",2,1,2
"SMN2",2,1,2
"SERF1A",2,1,2
"SMN1",2,1,2
"NAIP",2,1,2
"GTF2H2",2,1,2
"AC145141.2",2,1,2
"BDP1",2,1,2
"MCCC2",2,1,2
"CARTPT",2,1,2
"MAP1B",2,1,2
"MRPS27",2,1,2
"PTCD2",2,1,2
"ZNF366",2,1,2
"TNPO1",2,1,2
"FCHO2",2,1,2
"TMEM171",2,1,2
"BTF3",2,1,2
"AC099522.2",2,1,2
"ANKRA2",2,1,2
"UTP15",2,1,2
"ARHGEF28",2,1,2
"ENC1",2,1,2
"HEXB",2,1,2
"GFM2",2,1,2
"NSA2",2,1,2
"FAM169A",2,1,2
"GCNT4",2,1,2
"ANKRD31",2,1,2
"HMGCR",2,1,2
"COL4A3BP",2,1,2
"POLK",2,1,2
"ANKDD1B",2,1,2
"POC5",2,1,2
"SV2C",2,1,2
"IQGAP2",2,1,2
"F2RL2",2,1,2
"F2R",2,1,2
"F2RL1",2,1,2
"AGGF1",2,1,2
"ZBED3",2,1,2
"ZBED3-AS1",2,1,2
"PDE8B",2,1,2
"WDR41",2,1,2
"OTP",2,1,2
"TBCA",2,1,2
"AP3B1",2,1,2
"SCAMP1",2,1,2
"LHFPL2",2,1,2
"ARSB",2,1,2
"BHMT2",2,1,2
"DMGDH",2,1,2
"BHMT",2,1,2
"JMY",2,1,2
"HOMER1",2,1,2
"CMYA5",2,1,2
"MTX3",2,1,2
"THBS4",2,1,2
"SERINC5",2,1,2
"ZFYVE16",2,1,2
"FAM151B",2,1,2
"ANKRD34B",2,1,2
"DHFR",2,1,2
"MSH3",2,1,2
"RASGRF2",2,1,2
"CKMT2",2,1,2
"CKMT2-AS1",2,1,2
"ZCCHC9",2,1,2
"SSBP2",2,1,2
"ATG10",2,1,2
"RPS23",2,1,2
"ATP6AP1L",2,1,2
"TMEM167A",2,1,2
"XRCC4",2,1,2
"VCAN",2,1,2
"HAPLN1",2,1,2
"EDIL3",2,1,2
"AC010595.1",2,1,2
"COX7C",2,1,2
"RASA1",2,1,2
"CCNH",2,1,2
"TMEM161B",2,1,2
"TMEM161B-AS1",2,1,2
"LINC00461",2,1,2
"MEF2C",2,1,2
"MEF2C-AS1",2,1,2
"CETN3",2,1,2
"MBLAC2",2,1,2
"POLR3G",2,1,2
"LYSMD3",2,1,2
"LUCAT1",2,1,2
"ARRDC3",2,1,2
"NR2F1-AS1",2,1,2
"NR2F1",2,1,2
"POU5F2",2,1,2
"FAM172A",2,1,2
"KIAA0825",2,1,2
"MCTP1",2,1,2
"FAM81B",2,1,2
"TTC37",2,1,2
"ARSK",2,1,2
"GPR150",2,1,2
"RFESD",2,1,2
"SPATA9",2,1,2
"RHOBTB3",2,1,2
"GLRX",2,1,2
"ELL2",2,1,2
"PCSK1",2,1,2
"CAST",2,1,2
"ERAP1",2,1,2
"ERAP2",2,1,2
"LNPEP",2,1,2
"LIX1",2,1,2
"RIOK2",2,1,2
"RGMB-AS1",2,1,2
"RGMB",2,1,2
"CHD1",2,1,2
"FAM174A",2,1,2
"ST8SIA4",2,1,2
"SLCO4C1",2,1,2
"SLCO6A1",2,1,2
"LINC00491",2,1,2
"PAM",2,1,2
"GIN1",2,1,2
"PPIP5K2",2,1,2
"C5orf30",2,1,2
"NUDT12",2,1,2
"EFNA5",2,1,2
"FBXL17",2,1,2
"LINC01023",2,1,2
"FER",2,1,2
"PJA2",2,1,2
"AC012603.1",2,1,2
"MAN2A1",2,1,2
"TMEM232",2,1,2
"SLC25A46",2,1,2
"WDR36",2,1,2
"CAMK4",2,1,2
"STARD4",2,1,2
"STARD4-AS1",2,1,2
"NREP",2,1,2
"EPB41L4A-AS1",2,1,2
"EPB41L4A",2,1,2
"APC",2,1,2
"SRP19",2,1,2
"REEP5",2,1,2
"DCP2",2,1,2
"MCC",2,1,2
"TSSK1B",2,1,2
"YTHDC2",2,1,2
"KCNN2",2,1,2
"TRIM36",2,1,2
"PGGT1B",2,1,2
"CCDC112",2,1,2
"FEM1C",2,1,2
"TMED7-TICAM2",2,1,2
"TICAM2",2,1,2
"TMED7",2,1,2
"CDO1",2,1,2
"ATG12",2,1,2
"AP3S1",2,1,2
"AC034236.2",2,1,2
"COMMD10",2,1,2
"SEMA6A",2,1,2
"LINC00992",2,1,2
"DTWD2",2,1,2
"DMXL1",2,1,2
"TNFAIP8",2,1,2
"HSD17B4",2,1,2
"PRR16",2,1,2
"SRFBP1",2,1,2
"LOX",2,1,2
"ZNF474",2,1,2
"SNCAIP",2,1,2
"SNX2",2,1,2
"SNX24",2,1,2
"PPIC",2,1,2
"PRDM6",2,1,2
"CEP120",2,1,2
"CSNK1G3",2,1,2
"LINC01170",2,1,2
"ZNF608",2,1,2
"ALDH7A1",2,1,2
"PHAX",2,1,2
"LMNB1",2,1,2
"MARCH3",2,1,2
"C5orf63",2,1,2
"MEGF10",2,1,2
"PRRC1",2,1,2
"SLC12A2",2,1,2
"FBN2",2,1,2
"SLC27A6",2,1,2
"ISOC1",2,1,2
"KIAA1024L",2,1,2
"CHSY3",2,1,2
"HINT1",2,1,2
"LYRM7",2,1,2
"CDC42SE2",2,1,2
"RAPGEF6",2,1,2
"FNIP1",2,1,2
"ACSL6",2,1,2
"P4HA2",2,1,2
"PDLIM4",2,1,2
"SLC22A4",2,1,2
"SLC22A5",2,1,2
"IRF1",2,1,2
"IL5",2,1,2
"RAD50",2,1,2
"IL13",2,1,2
"IL4",2,1,2
"KIF3A",2,1,2
"CCNI2",2,1,2
"SEPT8",2,1,2
"SOWAHA",2,1,2
"SHROOM1",2,1,2
"GDF9",2,1,2
"UQCRQ",2,1,2
"LEAP2",2,1,2
"AFF4",2,1,2
"AC010240.3",2,1,2
"ZCCHC10",2,1,2
"HSPA4",2,1,2
"FSTL4",2,1,2
"C5orf15",2,1,2
"VDAC1",2,1,2
"TCF7",2,1,2
"SKP1",2,1,2
"PPP2CA",2,1,2
"CDKL3",2,1,2
"UBE2B",2,1,2
"CDKN2AIPNL",2,1,2
"JADE2",2,1,2
"SAR1B",2,1,2
"SEC24A",2,1,2
"CAMLG",2,1,2
"DDX46",2,1,2
"C5orf24",2,1,2
"TXNDC15",2,1,2
"PCBD2",2,1,2
"CATSPER3",2,1,2
"PITX1",2,1,2
"C5orf66",2,1,2
"H2AFY",2,1,2
"TIFAB",2,1,2
"CXCL14",2,1,2
"SLC25A48",2,1,2
"TGFBI",2,1,2
"SMAD5-AS1",2,1,2
"SMAD5",2,1,2
"SPOCK1",2,1,2
"KLHL3",2,1,2
"HNRNPA0",2,1,2
"PKD2L2",2,1,2
"FAM13B",2,1,2
"NME5",2,1,2
"BRD8",2,1,2
"KIF20A",2,1,2
"CDC23",2,1,2
"GFRA3",2,1,2
"CDC25C",2,1,2
"FAM53C",2,1,2
"KDM3B",2,1,2
"REEP2",2,1,2
"EGR1",2,1,2
"ETF1",2,1,2
"HSPA9",2,1,2
"AC034243.1",2,1,2
"CTNNA1",2,1,2
"LRRTM2",2,1,2
"SIL1",2,1,2
"MATR3",2,1,2
"PAIP2",2,1,2
"SLC23A1",2,1,2
"MZB1",2,1,2
"PROB1",2,1,2
"SPATA24",2,1,2
"DNAJC18",2,1,2
"ECSCR",2,1,2
"TMEM173",2,1,2
"UBE2D2",2,1,2
"CXXC5",2,1,2
"PSD2",2,1,2
"NRG2",2,1,2
"PURA",2,1,2
"IGIP",2,1,2
"CYSTM1",2,1,2
"PFDN1",2,1,2
"HBEGF",2,1,2
"SLC4A9",2,1,2
"ANKHD1",2,1,2
"ANKHD1-EIF4EBP3",2,1,2
"SRA1",2,1,2
"EIF4EBP3",2,1,2
"SLC35A4",2,1,2
"APBB3",2,1,2
"CD14",2,1,2
"TMCO6",2,1,2
"NDUFA2",2,1,2
"IK",2,1,2
"WDR55",2,1,2
"DND1",2,1,2
"HARS",2,1,2
"HARS2",2,1,2
"ZMAT2",2,1,2
"PCDHA1",2,1,2
"PCDHA2",2,1,2
"PCDHA3",2,1,2
"PCDHA4",2,1,2
"PCDHA5",2,1,2
"PCDHA6",2,1,2
"PCDHA7",2,1,2
"PCDHA8",2,1,2
"PCDHA9",2,1,2
"PCDHA10",2,1,2
"PCDHA11",2,1,2
"PCDHA12",2,1,2
"PCDHA13",2,1,2
"PCDHAC1",2,1,2
"PCDHAC2",2,1,2
"PCDHB1",2,1,2
"PCDHB2",2,1,2
"PCDHB3",2,1,2
"PCDHB4",2,1,2
"PCDHB5",2,1,2
"PCDHB6",2,1,2
"PCDHB7",2,1,2
"PCDHB16",2,1,2
"PCDHB9",2,1,2
"PCDHB10",2,1,2
"PCDHB11",2,1,2
"PCDHB12",2,1,2
"PCDHB13",2,1,2
"PCDHB14",2,1,2
"PCDHB15",2,1,2
"SLC25A2",2,1,2
"TAF7",2,1,2
"AC005618.1",2,1,2
"PCDHGA1",2,1,2
"PCDHGA2",2,1,2
"PCDHGA3",2,1,2
"PCDHGB1",2,1,2
"PCDHGA4",2,1,2
"PCDHGB2",2,1,2
"PCDHGA5",2,1,2
"PCDHGB3",2,1,2
"PCDHGA6",2,1,2
"PCDHGA7",2,1,2
"PCDHGB4",2,1,2
"PCDHGA8",2,1,2
"PCDHGA9",2,1,2
"PCDHGB6",2,1,2
"PCDHGA10",2,1,2
"PCDHGB7",2,1,2
"PCDHGA11",2,1,2
"PCDHGA12",2,1,2
"PCDHGC3",2,1,2
"PCDHGC4",2,1,2
"PCDHGC5",2,1,2
"DIAPH1",2,1,2
"HDAC3",2,1,2
"RELL2",2,1,2
"FCHSD1",2,1,2
"ARAP3",2,1,2
"PCDH1",2,1,2
"PCDH12",2,1,2
"RNF14",2,1,2
"GNPDA1",2,1,2
"AC005740.4",2,1,2
"NDFIP1",2,1,2
"SPRY4",2,1,2
"FGF1",2,1,2
"AC005592.1",2,1,2
"ARHGAP26-AS1",2,1,2
"ARHGAP26",2,1,2
"NR3C1",2,1,2
"HMHB1",2,1,2
"YIPF5",2,1,2
"KCTD16",2,1,2
"AC132803.1",2,1,2
"PRELID2",2,1,2
"GRXCR2",2,1,2
"SH3RF2",2,1,2
"PLAC8L1",2,1,2
"LARS",2,1,2
"RBM27",2,1,2
"POU4F3",2,1,2
"TCERG1",2,1,2
"GPR151",2,1,2
"PPP2R2B",2,1,2
"STK32A",2,1,2
"DPYSL3",2,1,2
"JAKMIP2",2,1,2
"SPINK1",2,1,2
"C5orf46",2,1,2
"SPINK5",2,1,2
"FOXC1",2,2,1
"GMDS",2,2,1
"AL031768.1",2,2,1
"MYLK4",2,2,1
"WRNIP1",2,2,1
"SERPINB1",2,2,1
"SERPINB9",2,2,1
"SERPINB6",2,2,1
"LINC01011",2,2,1
"NQO2",2,2,1
"RIPK1",2,2,1
"BPHL",2,2,1
"TUBB2A",2,2,1
"TUBB2B",2,2,1
"PSMG4",2,2,1
"SLC22A23",2,2,1
"PXDC1",2,2,1
"FAM50B",2,2,1
"PRPF4B",2,2,1
"ECI2",2,2,1
"CDYL",2,2,1
"RPP40",2,2,1
"PPP1R3G",2,2,1
"LYRM4",2,2,1
"FARS2",2,2,1
"NRN1",2,2,1
"F13A1",2,2,1
"LY86-AS1",2,2,1
"LY86",2,2,1
"RREB1",2,2,1
"SSR1",2,2,1
"CAGE1",2,2,1
"RIOK1",2,2,1
"DSP",2,2,1
"SNRNP48",2,2,1
"BMP6",2,2,1
"TXNDC5",2,2,1
"BLOC1S5",2,2,1
"EEF1E1",2,2,1
"SLC35B3",2,2,1
"TFAP2A",2,2,1
"TFAP2A-AS1",2,2,1
"LINC00518",2,2,1
"GCNT2",2,2,1
"C6orf52",2,2,1
"PAK1IP1",2,2,1
"TMEM14C",2,2,1
"TMEM14B",2,2,1
"MAK",2,2,1
"SYCP2L",2,2,1
"ELOVL2",2,2,1
"SMIM13",2,2,1
"NEDD9",2,2,1
"TMEM170B",2,2,1
"ADTRP",2,2,1
"FAM20C",2,1,2
"AC226118.1",2,1,2
"AC147651.1",2,1,2
"PDGFA",2,1,2
"AC147651.2",2,1,2
"AC147651.4",2,1,2
"PRKAR1B",2,1,2
"SUN1",2,1,2
"GET4",2,1,2
"ADAP1",2,1,2
"COX19",2,1,2
"CYP2W1",2,1,2
"GPR146",2,1,2
"C7orf50",2,1,2
"GPER1",2,1,2
"ZFAND2A",2,1,2
"MICALL2",2,1,2
"INTS1",2,1,2
"MAFK",2,1,2
"TMEM184A",2,1,2
"PSMG3",2,1,2
"PSMG3-AS1",2,1,2
"ELFN1",2,1,2
"MAD1L1",2,1,2
"NUDT1",2,1,2
"SNX8",2,1,2
"EIF3B",2,1,2
"CHST12",2,1,2
"LFNG",2,1,2
"BRAT1",2,1,2
"IQCE",2,1,2
"TTYH3",2,1,2
"AMZ1",2,1,2
"GNA12",2,1,2
"CARD11",2,1,2
"AC073316.1",2,1,2
"SDK1",2,1,2
"SFRP1",4,3,2
"GOLGA7",4,3,2
"GINS4",4,3,2
"NKX6-3",4,3,2
"ANK1",4,3,2
"KAT6A",4,3,2
"AP3M2",4,3,2
"PLAT",4,3,2
"IKBKB",4,3,2
"POLB",4,3,2
"DKK4",4,3,2
"VDAC3",4,3,2
"SLC20A2",4,3,2
"SMIM19",4,3,2
"CHRNA6",4,3,2
"THAP1",4,3,2
"RNF170",4,3,2
"HOOK3",4,3,2
"FNTA",4,3,2
"POMK",4,3,2
"HGSNAT",4,3,2
"SPIDR",4,3,2
"CEBPD",4,3,2
"PRKDC",4,3,2
"MCM4",4,3,2
"UBE2V2",4,3,2
"EFCAB1",4,3,2
"SNAI2",4,3,2
"SNTG1",4,3,2
"PXDNL",4,3,2
"AC090186.1",4,3,2
"PCMTD1",4,3,2
"ST18",4,3,2
"RB1CC1",4,3,2
"OPRK1",4,3,2
"ATP6V1H",4,3,2
"RGS20",4,3,2
"TCEA1",4,3,2
"LYPLA1",4,3,2
"MRPL15",4,3,2
"SOX17",4,3,2
"RP1",4,3,2
"XKR4",4,3,2
"TMEM68",4,3,2
"TGS1",4,3,2
"LYN",4,3,2
"RPS20",4,3,2
"PLAG1",4,3,2
"CHCHD7",4,3,2
"SDR16C5",4,3,2
"LINC00968",4,3,2
"IMPAD1",4,3,2
"LINC00588",4,3,2
"FAM110B",4,3,2
"UBXN2B",4,3,2
"CYP7A1",4,3,2
"SDCBP",4,3,2
"NSMAF",4,3,2
"TOX",4,3,2
"CA8",4,3,2
"RAB2A",4,3,2
"CHD7",4,3,2
"AC022182.1",4,3,2
"AC022182.2",4,3,2
"CLVS1",4,3,2
"ASPH",4,3,2
"GGH",4,3,2
"TTPA",4,3,2
"YTHDF3-AS1",4,3,2
"YTHDF3",4,3,2
"CYP7B1",4,3,2
"ARMC1",4,3,2
"MTFR1",4,3,2
"PDE7A",4,3,2
"TRIM55",4,3,2
"RRS1",4,3,2
"ADHFE1",4,3,2
"MYBL1",4,3,2
"VCPIP1",4,3,2
"C8orf44",4,3,2
"SGK3",4,3,2
"MCMDC2",4,3,2
"TCF24",4,3,2
"PPP1R42",4,3,2
"COPS5",4,3,2
"CSPP1",4,3,2
"ARFGEF1",4,3,2
"PREX2",4,3,2
"C8orf34",4,3,2
"SULF1",4,3,2
"SLCO5A1",4,3,2
"PRDM14",4,3,2
"NCOA2",4,3,2
"TRAM1",4,3,2
"LACTB2",4,3,2
"XKR9",4,3,2
"EYA1",4,3,2
"MSC",4,3,2
"KCNB2",4,3,2
"TERF1",4,3,2
"SBSPON",4,3,2
"RPL7",4,3,2
"RDH10",4,3,2
"STAU2-AS1",4,3,2
"STAU2",4,3,2
"UBE2W",4,3,2
"TMEM70",4,3,2
"LY96",4,3,2
"JPH1",4,3,2
"GDAP1",4,3,2
"PI15",4,3,2
"CRISPLD1",4,3,2
"CASC9",4,3,2
"HNF4G",4,3,2
"ZFHX4",4,3,2
"PEX2",4,3,2
"PKIA",4,3,2
"ZC2HC1A",4,3,2
"IL7",4,3,2
"HEY1",4,3,2
"MRPS28",4,3,2
"TPD52",4,3,2
"ZBTB10",4,3,2
"ZNF704",4,3,2
"PAG1",4,3,2
"FABP5",4,3,2
"IMPA1",4,3,2
"SLC10A5",4,3,2
"ZFAND1",4,3,2
"CHMP4C",4,3,2
"SNX16",4,3,2
"RALYL",4,3,2
"LRRCC1",4,3,2
"E2F5",4,3,2
"C8orf59",4,3,2
"CA13",4,3,2
"CA1",4,3,2
"CA3",4,3,2
"CA2",4,3,2
"ATP6V0D2",4,3,2
"WWP1",4,3,2
"RMDN1",4,3,2
"CPNE3",4,3,2
"CNGB3",4,3,2
"MMP16",4,3,2
"RIPK2",4,3,2
"OSGIN2",4,3,2
"NBN",4,3,2
"DECR1",4,3,2
"CALB1",4,3,2
"LINC01030",4,3,2
"TMEM64",4,3,2
"NECAB1",4,3,2
"C8orf88",4,3,2
"OTUD6B",4,3,2
"LRRC69",4,3,2
"SLC26A7",4,3,2
"RUNX1T1",4,3,2
"TRIQK",4,3,2
"LINC00535",4,3,2
"RBM12B",4,3,2
"TMEM67",4,3,2
"PDP1",4,3,2
"GEM",4,3,2
"FSBP",4,3,2
"RAD54B",4,3,2
"ESRP1",4,3,2
"DPY19L4",4,3,2
"INTS8",4,3,2
"CCNE2",4,3,2
"TP53INP1",4,3,2
"NDUFAF6",4,3,2
"PLEKHF2",4,3,2
"C8orf37",4,3,2
"GDF6",4,3,2
"UQCRB",4,3,2
"PTDSS1",4,3,2
"SDC2",5,4,3
"CPQ",5,4,3
"TSPYL5",5,4,3
"MTDH",5,4,3
"LAPTM4B",5,4,3
"MATN2",5,4,3
"RPL30",5,4,3
"POP1",5,4,3
"NIPAL2",5,4,3
"KCNS2",5,4,3
"STK3",5,4,3
"OSR2",5,4,3
"VPS13B",5,4,3
"COX6C",5,4,3
"RGS22",5,4,3
"FBXO43",5,4,3
"POLR2K",5,4,3
"SPAG1",5,4,3
"RNF19A",5,4,3
"ANKRD46",5,4,3
"SNX31",5,4,3
"PABPC1",5,4,3
"YWHAZ",5,4,3
"ZNF706",5,4,3
"GRHL2",5,4,3
"NCALD",5,4,3
"RRM2B",5,4,4
"UBR5",5,4,4
"ODF1",6,5,4
"KLF10",6,5,4
"AZIN1",6,5,4
"AP003354.1",6,5,4
"ATP6V1C1",6,5,4
"AP003550.1",6,5,4
"BAALC",6,5,4
"FZD6",6,5,4
"CTHRC1",6,5,4
"SLC25A32",6,5,4
"DCAF13",6,5,4
"RIMS2",6,5,4
"DCSTAMP",6,5,4
"DPYS",6,5,4
"LRP12",6,5,4
"ZFPM2",6,5,4
"OXR1",6,5,4
"ABRA",6,5,4
"ANGPT1",6,5,4
"EIF3E",6,5,4
"EMC2",6,5,4
"TMEM74",6,5,4
"NUDCD1",6,5,4
"ENY2",6,5,4
"PKHD1L1",6,5,4
"EBAG9",6,5,4
"SYBU",6,5,4
"TRPS1",6,6,4
"LINC00536",6,6,4
"EIF3H",6,6,4
"UTP23",6,6,4
"RAD21",6,6,4
"RAD21-AS1",6,6,4
"AARD",6,6,4
"SLC30A8",6,6,4
"MED30",6,6,4
"EXT1",6,6,4
"AC023590.1",6,6,4
"SAMD12",6,6,4
"TNFRSF11B",6,6,4
"COLEC10",6,6,4
"MAL2",6,6,4
"NOV",6,6,4
"ENPP2",6,6,4
"TAF2",6,6,4
"DSCC1",6,6,4
"DEPTOR",6,6,4
"COL14A1",6,6,4
"MRPL13",6,6,4
"MTBP",6,6,4
"SNTB1",6,6,4
"HAS2",6,6,4
"HAS2-AS1",6,6,4
"LINC01151",6,6,4
"AC016405.2",6,6,4
"ZHX2",6,6,4
"DERL1",6,6,4
"TBC1D31",6,6,4
"FAM83A",6,6,4
"FAM83A-AS1",6,6,4
"C8orf76",6,6,4
"ZHX1",6,6,4
"ATAD2",6,6,4
"WDYHV1",6,6,4
"FBXO32",6,6,4
"KLHL38",6,6,4
"ANXA13",6,6,4
"FAM91A1",6,6,4
"FER1L6",6,6,4
"TMEM65",6,6,4
"TRMT12",6,6,4
"RNF139-AS1",6,6,4
"RNF139",6,6,4
"TATDN1",6,6,4
"NDUFB9",6,6,4
"MTSS1",6,6,4
"LINC00964",6,6,4
"ZNF572",6,6,4
"SQLE",6,6,4
"NSMCE2",6,6,4
"TRIB1",6,6,4
"LINC00861",6,6,4
"FAM84B",6,6,4
"PCAT1",6,6,4
"PRNCR1",6,6,4
"CASC8",6,6,4
"POU5F1B",6,6,4
"CASC11",6,6,4
"MYC",6,6,4
"PVT1",6,6,4
"CCDC26",6,6,4
"GSDMC",6,6,4
"FAM49B",6,6,4
"ASAP1",6,6,4
"ADCY8",6,6,4
"EFR3A",6,6,4
"OC90",6,6,4
"HHLA1",6,6,4
"KCNQ3",6,6,4
"LRRC6",6,6,4
"TMEM71",6,6,4
"PHF20L1",6,6,4
"TG",6,6,4
"SLA",6,6,4
"WISP1",6,6,4
"NDRG1",6,6,4
"ST3GAL1",6,6,4
"ZFAT",6,6,4
"AC083843.1",6,6,4
"AC083843.2",6,6,4
"AC083843.3",6,6,4
"KHDRBS3",6,6,4
"FAM135B",6,6,4
"COL22A1",6,6,4
"KCNK9",6,6,4
"TRAPPC9",6,6,4
"CHRAC1",6,6,4
"AGO2",6,6,4
"PTK2",6,6,4
"DENND3",6,6,4
"SLC45A4",6,6,4
"GPR20",6,6,4
"PTP4A3",6,6,4
"AC138647.1",6,6,4
"LINC00051",6,6,4
"TSNARE1",6,6,4
"ARC",6,6,4
"JRK",6,6,4
"PSCA",6,6,4
"LY6K",6,6,4
"THEM6",6,6,4
"LYPD2",6,6,4
"LYNX1",6,6,4
"LY6D",6,6,4
"LY6E",6,6,4
"LY6H",6,6,4
"GPIHBP1",6,6,4
"ZFP41",6,6,4
"GLI4",6,6,4
"ZNF696",6,6,4
"TOP1MT",6,6,4
"RHPN1-AS1",6,6,4
"RHPN1",6,6,4
"MAFA",6,6,4
"ZC3H3",6,6,4
"GSDMD",6,6,4
"MROH6",6,6,4
"EEF1D",6,6,4
"TIGD5",6,6,4
"TSTA3",6,6,4
"ZNF623",6,6,4
"ZNF707",6,6,4
"CCDC166",6,6,4
"MAPK15",6,6,4
"FAM83H",6,6,4
"SCRIB",6,6,4
"PUF60",6,6,4
"NRBP2",6,6,4
"EPPK1",6,6,4
"PLEC",6,6,4
"GRINA",6,6,4
"PARP10",6,6,4
"SPATC1",6,6,4
"OPLAH",6,6,4
"EXOSC4",6,6,4
"GPAA1",6,6,4
"CYC1",6,6,4
"SHARPIN",6,6,4
"MAF1",6,6,4
"MROH1",6,6,4
"BOP1",6,6,4
"HSF1",6,6,4
"DGAT1",6,6,4
"SCRT1",6,6,4
"TMEM249",6,6,4
"FBXL6",6,6,4
"SLC52A2",6,6,4
"ADCK5",6,6,4
"CPSF1",6,6,4
"SLC39A4",6,6,4
"VPS28",6,6,4
"TONSL",6,6,4
"CYHR1",6,6,4
"KIFC2",6,6,4
"FOXH1",6,6,4
"PPP1R16A",6,6,4
"GPT",6,6,4
"MFSD3",6,6,4
"RECQL4",6,6,4
"LRRC14",6,6,4
"LRRC24",6,6,4
"C8orf82",6,6,4
"AC084125.1",6,6,4
"ARHGAP39",6,6,4
"AF186192.1",6,6,4
"ZNF251",6,6,4
"ZNF34",6,6,4
"RPL8",6,6,4
"ZNF517",6,6,4
"ZNF7",6,6,4
"COMMD5",6,6,4
"ZNF250",6,6,4
"ZNF16",6,6,4
"ZNF252P-AS1",6,6,4
"C8orf33",6,6,4
"CDK20",3,3,2
"SPIN1",3,3,2
"NXNL2",3,3,2
"C9orf47",3,3,2
"S1PR3",3,3,2
"SHC3",3,3,2
"CKS2",3,3,2
"SECISBP2",3,3,2
"SEMA4D",3,3,2
"GADD45G",3,3,2
"DIRAS2",3,3,2
"SYK",3,3,2
"LINC00484",3,3,2
"AUH",3,3,2
"NFIL3",3,3,2
"ROR2",3,3,2
"SPTLC1",3,3,2
"IARS",3,3,2
"NOL8",3,3,2
"OGN",3,3,2
"ASPN",3,3,2
"CENPP",3,3,2
"ECM2",3,3,2
"IPPK",3,3,2
"BICD2",3,3,2
"ZNF484",3,3,2
"FGD3",3,3,2
"SUSD3",3,3,2
"NINJ1",3,3,2
"WNK2",3,3,2
"C9orf129",3,3,2
"FAM120AOS",3,3,2
"FAM120A",3,3,2
"PHF2",3,3,2
"BARX1",3,3,2
"PTPDC1",3,3,2
"MIRLET7DHG",3,3,2
"ZNF169",3,3,2
"PCAT7",3,3,2
"FBP2",3,3,2
"FBP1",3,3,2
"C9orf3",3,3,2
"FANCC",3,3,2
"PTCH1",3,3,2
"LINC00476",3,3,2
"ERCC6L2",3,3,2
"AL160269.1",3,3,2
"HSD17B3",3,3,2
"SLC35D2",3,3,2
"ZNF367",3,3,2
"HABP4",3,3,2
"CDC14B",3,3,2
"AAED1",3,3,2
"ZNF510",3,3,2
"ZNF782",3,3,2
"NUTM2G",3,3,2
"CTSV",3,3,2
"CCDC180",3,3,2
"TDRD7",3,3,2
"TMOD1",3,3,2
"TSTD2",3,3,2
"NCBP1",3,3,2
"XPA",3,3,2
"AL445531.1",3,3,2
"HEMGN",3,3,2
"ANP32B",3,3,2
"NANS",3,3,2
"TRIM14",3,3,2
"CORO2A",3,3,2
"TBC1D2",3,3,2
"GABBR2",3,3,2
"ANKS6",3,3,2
"GALNT12",3,3,2
"COL15A1",3,3,2
"TGFBR1",3,3,2
"ALG2",3,3,2
"SEC61B",3,3,2
"NR4A3",3,3,2
"STX17",3,3,2
"ERP44",3,3,2
"INVS",3,3,2
"TEX10",3,3,2
"MSANTD3",3,3,2
"MSANTD3-TMEFF1",3,3,2
"TMEFF1",3,3,2
"BAAT",3,3,2
"MRPL50",3,3,2
"ZNF189",3,3,2
"TMEM246",3,3,2
"RNF20",3,3,2
"SMC2",3,3,2
"OR13C3",3,3,1
"OR13C5",3,3,1
"OR13C9",3,3,1
"NIPSNAP3A",3,3,1
"NIPSNAP3B",3,3,1
"ABCA1",3,3,1
"SLC44A1",3,3,1
"FSD1L",3,3,1
"FKTN",3,3,1
"TAL2",3,3,1
"TMEM38B",3,3,1
"ZNF462",3,3,1
"RAD23B",3,3,1
"KLF4",3,3,1
"ACTL7B",3,3,1
"FAM206A",3,3,1
"CTNNAL1",3,3,1
"TMEM245",3,3,1
"FRRS1L",3,3,1
"EPB41L4B",3,3,1
"PTPN3",3,3,1
"PALM2",3,3,1
"PALM2-AKAP2",3,3,1
"AKAP2",3,3,1
"C9orf152",3,3,1
"TXN",3,3,1
"SVEP1",3,3,1
"MUSK",3,3,1
"LPAR1",3,3,1
"ZNF483",3,3,1
"PTGR1",3,3,1
"DNAJC25",3,3,1
"DNAJC25-GNG10",3,3,1
"GNG10",3,3,1
"C9orf84",3,3,1
"UGCG",3,3,1
"SUSD1",3,3,1
"PTBP3",3,3,1
"HSDL2",3,3,1
"C9orf147",3,3,1
"KIAA1958",3,3,1
"INIP",3,3,1
"SNX30",3,3,1
"SLC46A2",3,3,1
"ZNF883",3,3,1
"ZFP37",3,3,1
"FAM225A",3,3,1
"SLC31A2",3,3,1
"FKBP15",3,3,1
"SLC31A1",3,3,1
"CDC26",3,3,1
"PRPF4",3,3,1
"RNF183",3,3,1
"WDR31",3,3,1
"BSPRY",3,3,1
"HDHD3",3,3,1
"ALAD",3,3,1
"POLE3",3,3,1
"C9orf43",3,3,1
"RGS3",3,3,1
"ZNF618",3,3,1
"AMBP",3,3,1
"KIF12",3,3,1
"COL27A1",3,3,1
"ORM1",3,3,1
"ORM2",3,3,1
"AKNA",3,3,1
"ATP6V1G1",3,3,1
"TNFSF15",3,3,1
"TNC",3,3,1
"DEC1",3,3,1
"PAPPA",3,3,1
"AL137024.1",3,3,1
"PAPPA-AS1",3,3,1
"TRIM32",3,3,1
"ASTN2",3,3,1
"TLR4",3,3,1
"TTLL11",3,3,1
"NDUFA8",3,3,1
"MORN5",3,3,1
"LHX6",3,3,1
"RBM18",3,3,1
"MRRF",3,3,1
"PTGS1",3,3,1
"OR1J1",3,3,1
"OR1J2",3,3,1
"OR1N2",3,3,1
"OR1L8",3,3,1
"OR1Q1",3,3,1
"OR1K1",3,3,1
"PDCL",3,3,1
"RC3H2",3,3,1
"ZBTB6",3,3,1
"ZBTB26",3,3,1
"RABGAP1",3,3,1
"GPR21",3,3,1
"STRBP",3,3,1
"CRB2",3,3,1
"DENND1A",3,3,1
"LHX2",2,2,1
"NEK6",2,2,1
"PSMB7",2,2,1
"NR6A1",2,2,1
"MIR181A2HG",2,2,1
"OLFML2A",2,2,1
"WDR38",2,2,1
"RPL35",2,2,1
"ARPC5L",2,2,1
"GOLGA1",2,2,1
"SCAI",2,2,1
"PPP6C",2,2,1
"RABEPK",2,2,1
"HSPA5",2,2,1
"GAPVD1",2,2,1
"MAPKAP1",2,2,1
"PBX3",2,2,1
"MVB12B",2,2,1
"AL161908.1",2,2,1
"LMX1B",2,2,1
"ZBTB43",2,2,1
"ZBTB34",2,2,1
"RALGPS1",2,2,1
"ANGPTL2",2,2,1
"GARNL3",2,2,1
"SLC2A8",2,2,1
"ZNF79",2,2,1
"RPL12",2,2,1
"LRSAM1",2,2,1
"FAM129B",2,2,1
"STXBP1",2,2,1
"PTRH1",2,2,1
"TTC16",2,2,1
"TOR2A",2,2,1
"SH2D3C",2,2,1
"CDK9",2,2,1
"FPGS",2,2,1
"ENG",2,2,1
"AK1",2,2,1
"ST6GALNAC6",2,2,1
"ST6GALNAC4",2,2,1
"PIP5KL1",2,2,1
"DPM2",2,2,1
"FAM102A",2,2,1
"NAIF1",2,2,1
"SLC25A25",2,2,1
"PTGES2",2,2,1
"LCN2",2,2,1
"C9orf16",2,2,1
"CIZ1",2,2,1
"DNM1",2,2,1
"AL590708.1",2,2,1
"GOLGA2",2,2,1
"SWI5",2,2,1
"TRUB2",2,2,1
"COQ4",2,2,1
"SLC27A4",2,2,1
"URM1",2,2,1
"CERCAM",2,2,1
"ODF2-AS1",2,2,1
"ODF2",2,2,1
"GLE1",2,2,1
"SPTAN1",2,2,1
"WDR34",2,2,1
"HMGA1P4",2,2,1
"SET",2,2,1
"PKN3",2,2,1
"ZDHHC12",2,2,1
"ZER1",2,2,1
"TBC1D13",2,2,1
"ENDOG",2,2,1
"LRRC8A",2,2,1
"PHYHD1",2,2,1
"DOLK",2,2,1
"NUP188",2,2,1
"SH3GLB2",2,2,1
"DOLPP1",2,2,1
"CRAT",2,2,1
"IER5L",2,2,1
"AL158151.1",2,2,1
"C9orf106",2,2,1
"AL353803.1",2,2,1
"AL391056.1",2,2,1
"C9orf50",2,2,1
"NTMT1",2,2,1
"ASB6",2,2,1
"PRRX2",2,2,1
"AL590369.1",2,2,1
"PTGES",2,2,1
"TOR1B",2,2,1
"TOR1A",2,2,1
"C9orf78",2,2,1
"USP20",2,2,1
"FNBP1",2,2,1
"GPR107",2,2,1
"AL360004.1",2,2,1
"NCS1",2,2,1
"HMCN2",2,2,1
"ASS1",2,2,1
"FUBP3",2,2,1
"PRDM12",2,2,1
"EXOSC2",2,2,1
"ABL1",2,2,1
"QRFP",2,2,1
"FIBCD1",2,2,1
"LAMC3",2,2,1
"AIF1L",2,2,1
"NUP214",2,2,1
"FAM78A",2,2,1
"PRRC2B",2,2,1
"AL358781.1",2,2,1
"POMT1",2,2,1
"UCK1",2,2,1
"RAPGEF1",2,2,1
"MED27",2,2,1
"NTNG2",2,2,1
"SETX",2,2,1
"TTF1",2,2,1
"DDX31",2,2,1
"GTF3C4",2,2,1
"AK8",2,2,1
"TSC1",2,2,1
"GFI1B",2,2,1
"GTF3C5",2,2,1
"CEL",2,2,1
"RALGDS",2,2,1
"GBGT1",2,2,1
"OBP2B",2,2,1
"ABO",2,2,1
"SURF6",2,2,1
"MED22",2,2,1
"RPL7A",2,2,1
"SURF1",2,2,1
"SURF2",2,2,1
"SURF4",2,2,1
"REXO4",2,2,1
"ADAMTS13",2,2,1
"CACFD1",2,2,1
"SLC2A6",2,2,1
"ADAMTSL2",2,2,1
"DBH-AS1",2,2,1
"SARDH",2,2,1
"VAV2",2,2,1
"BRD3",2,2,1
"PLCXD1",1,1,2
"GTPBP6",1,1,2
"LINC00685",1,1,2
"PPP2R3B",1,1,2
"CSF2RA",1,1,2
"IL3RA",1,1,2
"SLC25A6",1,1,2
"LINC00106",1,1,2
"ASMTL-AS1",1,1,2
"ASMTL",1,1,2
"AKAP17A",1,1,2
"DHRSX",1,1,2
"ZBED1",1,1,2
"LINC00102",1,1,2
"CD99",1,1,2
"XG",1,1,2
"GYG2",1,1,2
"ARSD-AS1",1,1,2
"ARSD",1,1,2
"ARSE",1,1,2
"ARSF",1,1,2
"MXRA5",1,1,2
"PRKX",1,1,2
"NLGN4X",1,1,2
"STS",1,1,2
"VCX",1,1,2
"PNPLA4",1,1,2
"VCX3B",1,1,2
"FAM9B",1,1,2
"TBL1X",1,1,2
"GPR143",1,1,2
"SHROOM2",1,1,2
"WWC3",1,1,2
"CLCN4",1,1,2
"MID1",1,1,2
"HCCS",1,1,2
"ARHGAP6",1,1,2
"MSL3",1,1,2
"PRPS2",1,1,2
"TLR7",1,1,2
"TLR8-AS1",1,1,2
"TLR8",1,1,2
"TMSB4X",1,1,2
"FAM9C",1,1,2
"EGFL6",1,1,2
"TCEANC",1,1,2
"RAB9A",1,1,2
"TRAPPC2",1,1,2
"OFD1",1,1,2
"GPM6B",1,1,2
"GEMIN8",1,1,2
"AC003035.1",1,1,2
"GLRA2",1,1,2
"FANCB",1,1,2
"MOSPD2",1,1,2
"ASB9",1,1,2
"ASB11",1,1,2
"PIGA",1,1,2
"PIR",1,1,2
"ACE2",1,1,2
"CA5B",1,1,2
"ZRSR2",1,1,2
"AP1S2",1,1,2
"GRPR",1,1,2
"CTPS2",1,1,2
"SYAP1",1,1,2
"TXLNG",1,1,2
"RBBP7",1,1,2
"REPS2",1,1,2
"NHS",1,1,2
"SCML1",1,1,2
"RAI2",1,1,2
"SCML2",1,1,2
"CDKL5",1,1,2
"PPEF1",1,1,2
"PHKA2-AS1",1,1,2
"PHKA2",1,1,2
"PDHA1",1,1,2
"MAP3K15",1,1,2
"SH3KBP1",1,1,2
"MAP7D2",1,1,2
"EIF1AX",1,1,2
"RPS6KA3",1,1,2
"CNKSR2",1,1,2
"KLHL34",1,1,2
"SMPX",1,1,2
"YY2",1,1,2
"MBTPS2",1,1,2
"SMS",1,1,2
"PHEX",1,1,2
"PHEX-AS1",1,1,2
"PTCHD1",1,1,2
"PRDX4",1,1,2
"ACOT9",1,1,2
"AC131011.1",1,1,2
"SAT1",1,1,2
"APOO",1,1,2
"CXorf58",1,1,2
"KLHL15",1,1,2
"EIF2S3",1,1,2
"ZFX-AS1",1,1,2
"ZFX",1,1,2
"PDK3",1,1,2
"PCYT1B",1,1,2
"POLA1",1,1,2
"ARX",1,1,2
"MAGEB5",1,1,2
"MAGEB10",1,1,2
"IL1RAPL1",1,1,2
"MAGEB4",1,1,2
"MAGEB1",1,1,2
"CXorf21",1,1,2
"GK",1,1,2
"TAB3-AS1",1,1,2
"TAB3",1,1,2
"DMD",1,1,2
"TMEM47",2,2,3
"PRRG1",2,2,3
"LANCL3",2,2,3
"XK",2,2,3
"CYBB",2,2,3
"DYNLT3",2,2,3
"SYTL5",2,2,3
"SRPX",2,2,3
"RPGR",2,2,3
"OTC",2,2,3
"TSPAN7",2,2,3
"MID1IP1-AS1",2,2,3
"MID1IP1",2,2,3
"AC092198.1",2,2,3
"BCOR",2,2,3
"ATP6AP2",2,2,3
"CXorf38",2,2,3
"MED14",2,2,3
"USP9X",2,2,3
"DDX3X",2,2,3
"NYX",2,2,3
"CASK-AS1",2,2,3
"CASK",2,2,3
"GPR82",2,2,3
"MAOA",2,2,3
"MAOB",2,2,3
"NDP-AS1",2,2,3
"NDP",2,2,3
"EFHC2",2,2,3
"FUNDC1",2,2,3
"KDM6A",2,2,3
"CXorf36",2,2,3
"KRBOX4",2,2,3
"ZNF674",2,2,3
"ZNF674-AS1",2,2,3
"CHST7",2,2,3
"SLC9A7",2,2,3
"RP2",2,2,3
"JADE3",2,2,3
"RGN",2,2,3
"NDUFB11",2,2,3
"RBM10",2,2,3
"UBA1",2,2,3
"CDK16",2,2,3
"USP11",2,2,3
"ZNF157",2,2,3
"ZNF41",2,2,3
"ARAF",2,2,3
"TIMP1",2,2,3
"SYN1",2,2,3
"CFP",2,2,3
"ELK1",2,2,3
"UXT",2,2,3
"UXT-AS1",2,2,3
"ZNF81",2,2,3
"ZNF182",2,2,3
"ZNF630",2,2,3
"ZNF630-AS1",2,2,3
"SLC38A5",2,2,3
"FTSJ1",2,2,3
"PORCN",2,2,3
"EBP",2,2,3
"TBC1D25",2,2,3
"AC115618.1",2,2,3
"RBM3",2,2,3
"WDR13",2,2,3
"WAS",2,2,3
"SUV39H1",2,2,3
"GLOD5",2,2,3
"GATA1",2,2,3
"HDAC6",2,2,3
"ERAS",2,2,3
"PCSK1N",2,2,3
"TIMM17B",2,2,3
"PQBP1",2,2,3
"SLC35A2",2,2,3
"PIM2",2,2,3
"OTUD5",2,2,3
"KCND1",2,2,3
"GRIPAP1",2,2,3
"TFE3",2,2,3
"CCDC120",2,2,3
"PRAF2",2,2,3
"WDR45",2,2,3
"GPKOW",2,2,3
